Workbook

Sheet Sheet1
B25: क्र0 सं0 | C25: जनपद | D25: शॉर्ट सर्किट | E25: गैस लीकेज | F25: ओवर हीटिंग | G25: आतिशबाजी | H25: नरई जलाने से | I25: धूम्रपान | J25: लापरवाही | K25: जान-बूझकर | L25: अज्ञात | M25: कारण अंकित नहीं है | N25: जंगल | O25: कुल
B26: 1 | C26: अल्मोड़ा | D26: =COUNTIFS(Table1[जनपद],Table2[[#This Row],[जनपद]],Table1[कारण],Table2[[#Headers],[शॉर्ट सर्किट]]) -> 0 | E26: =COUNTIFS(Table1[जनपद],Table2[[#This Row],[जनपद]],Table1[कारण],Table2[[#Headers],[गैस लीकेज]]) -> 0 | F26: =COUNTIFS(Table1[जनपद],Table2[[#This Row],[जनपद]],Table1[कारण],Table2[[#Headers],[ओवर हीटिंग]]) -> 0 | G26: =COUNTIFS(Table1[जनपद],Table2[[#This Row],[जनपद]],Table1[कारण],Table2[[#Headers],[आतिशबाजी]]) -> 0 | H26: =COUNTIFS(Table1[जनपद],Table2[[#This Row],[जनपद]],Table1[कारण],Table2[[#Headers],[नरई जलाने से]]) -> 0 | I26: =COUNTIFS(Table1[जनपद],Table2[[#This Row],[जनपद]],Table1[कारण],Table2[[#Headers],[धूम्रपान]]) -> 0 | J26: =COUNTIFS(Table1[जनपद],Table2[[#This Row],[जनपद]],Table1[कारण],Table2[[#Headers],[लापरवाही]]) -> 0 | K26: =COUNTIFS(Table1[जनपद],Table2[[#This Row],[जनपद]],Table1[कारण],Table2[[#Headers],[जान-बूझकर]]) -> 0 | L26: =COUNTIFS(Table1[जनपद],Table2[[#This Row],[जनपद]],Table1[कारण],Table2[[#Headers],[अज्ञात]]) -> 0 | M26: =COUNTIFS(Table1[जनपद],Table2[[#This Row],[जनपद]],Table1[कारण],"") -> 0 | N26: =COUNTIFS(Table1[जनपद],Table2[[#This Row],[जनपद]],Table1[कारण],Table2[[#Headers],[जंगल]]) -> 0 | O26: =SUM(Table2[[#This Row],[शॉर्ट सर्किट]:[कारण अंकित नहीं है]]) -> 0 | R26: शॉर्ट सर्किट | S26: =Table2[[#Totals],[शॉर्ट सर्किट]] -> 71
B27: 2 | C27: बागेश्वर | D27: =COUNTIFS(Table1[जनपद],Table2[[#This Row],[जनपद]],Table1[कारण],Table2[[#Headers],[शॉर्ट सर्किट]]) -> 0 | E27: =COUNTIFS(Table1[जनपद],Table2[[#This Row],[जनपद]],Table1[कारण],Table2[[#Headers],[गैस लीकेज]]) -> 0 | F27: =COUNTIFS(Table1[जनपद],Table2[[#This Row],[जनपद]],Table1[कारण],Table2[[#Headers],[ओवर हीटिंग]]) -> 0 | G27: =COUNTIFS(Table1[जनपद],Table2[[#This Row],[जनपद]],Table1[कारण],Table2[[#Headers],[आतिशबाजी]]) -> 0 | H27: =COUNTIFS(Table1[जनपद],Table2[[#This Row],[जनपद]],Table1[कारण],Table2[[#Headers],[नरई जलाने से]]) -> 0 | I27: =COUNTIFS(Table1[जनपद],Table2[[#This Row],[जनपद]],Table1[कारण],Table2[[#Headers],[धूम्रपान]]) -> 0 | J27: =COUNTIFS(Table1[जनपद],Table2[[#This Row],[जनपद]],Table1[कारण],Table2[[#Headers],[लापरवाही]]) -> 0 | K27: =COUNTIFS(Table1[जनपद],Table2[[#This Row],[जनपद]],Table1[कारण],Table2[[#Headers],[जान-बूझकर]]) -> 0 | L27: =COUNTIFS(Table1[जनपद],Table2[[#This Row],[जनपद]],Table1[कारण],Table2[[#Headers],[अज्ञात]]) -> 0 | M27: =COUNTIFS(Table1[जनपद],Table2[[#This Row],[जनपद]],Table1[कारण],"") -> 22 | N27: =COUNTIFS(Table1[जनपद],Table2[[#This Row],[जनपद]],Table1[कारण],Table2[[#Headers],[जंगल]]) -> 0 | O27: =SUM(Table2[[#This Row],[शॉर्ट सर्किट]:[कारण अंकित नहीं है]]) -> 22 | R27: गैस लीकेज | S27: =Table2[[#Totals],[गैस लीकेज]] -> 8
B28: 3 | C28: चमोली | D28: =COUNTIFS(Table1[जनपद],Table2[[#This Row],[जनपद]],Table1[कारण],Table2[[#Headers],[शॉर्ट सर्किट]]) -> 1 | E28: =COUNTIFS(Table1[जनपद],Table2[[#This Row],[जनपद]],Table1[कारण],Table2[[#Headers],[गैस लीकेज]]) -> 0 | F28: =COUNTIFS(Table1[जनपद],Table2[[#This Row],[जनपद]],Table1[कारण],Table2[[#Headers],[ओवर हीटिंग]]) -> 0 | G28: =COUNTIFS(Table1[जनपद],Table2[[#This Row],[जनपद]],Table1[कारण],Table2[[#Headers],[आतिशबाजी]]) -> 0 | H28: =COUNTIFS(Table1[जनपद],Table2[[#This Row],[जनपद]],Table1[कारण],Table2[[#Headers],[नरई जलाने से]]) -> 0 | I28: =COUNTIFS(Table1[जनपद],Table2[[#This Row],[जनपद]],Table1[कारण],Table2[[#Headers],[धूम्रपान]]) -> 0 | J28: =COUNTIFS(Table1[जनपद],Table2[[#This Row],[जनपद]],Table1[कारण],Table2[[#Headers],[लापरवाही]]) -> 0 | K28: =COUNTIFS(Table1[जनपद],Table2[[#This Row],[जनपद]],Table1[कारण],Table2[[#Headers],[जान-बूझकर]]) -> 0 | L28: =COUNTIFS(Table1[जनपद],Table2[[#This Row],[जनपद]],Table1[कारण],Table2[[#Headers],[अज्ञात]]) -> 3 | M28: =COUNTIFS(Table1[जनपद],Table2[[#This Row],[जनपद]],Table1[कारण],"") -> 10 | N28: =COUNTIFS(Table1[जनपद],Table2[[#This Row],[जनपद]],Table1[कारण],Table2[[#Headers],[जंगल]]) -> 0 | O28: =SUM(Table2[[#This Row],[शॉर्ट सर्किट]:[कारण अंकित नहीं है]]) -> 14 | R28: ओवर हीटिंग | S28: =Table2[[#Totals],[ओवर हीटिंग]] -> 2
B29: 4 | C29: चम्पावत | D29: =COUNTIFS(Table1[जनपद],Table2[[#This Row],[जनपद]],Table1[कारण],Table2[[#Headers],[शॉर्ट सर्किट]]) -> 0 | E29: =COUNTIFS(Table1[जनपद],Table2[[#This Row],[जनपद]],Table1[कारण],Table2[[#Headers],[गैस लीकेज]]) -> 0 | F29: =COUNTIFS(Table1[जनपद],Table2[[#This Row],[जनपद]],Table1[कारण],Table2[[#Headers],[ओवर हीटिंग]]) -> 0 | G29: =COUNTIFS(Table1[जनपद],Table2[[#This Row],[जनपद]],Table1[कारण],Table2[[#Headers],[आतिशबाजी]]) -> 0 | H29: =COUNTIFS(Table1[जनपद],Table2[[#This Row],[जनपद]],Table1[कारण],Table2[[#Headers],[नरई जलाने से]]) -> 0 | I29: =COUNTIFS(Table1[जनपद],Table2[[#This Row],[जनपद]],Table1[कारण],Table2[[#Headers],[धूम्रपान]]) -> 0 | J29: =COUNTIFS(Table1[जनपद],Table2[[#This Row],[जनपद]],Table1[कारण],Table2[[#Headers],[लापरवाही]]) -> 0 | K29: =COUNTIFS(Table1[जनपद],Table2[[#This Row],[जनपद]],Table1[कारण],Table2[[#Headers],[जान-बूझकर]]) -> 0 | L29: =COUNTIFS(Table1[जनपद],Table2[[#This Row],[जनपद]],Table1[कारण],Table2[[#Headers],[अज्ञात]]) -> 0 | M29: =COUNTIFS(Table1[जनपद],Table2[[#This Row],[जनपद]],Table1[कारण],"") -> 0 | N29: =COUNTIFS(Table1[जनपद],Table2[[#This Row],[जनपद]],Table1[कारण],Table2[[#Headers],[जंगल]]) -> 0 | O29: =SUM(Table2[[#This Row],[शॉर्ट सर्किट]:[कारण अंकित नहीं है]]) -> 0 | R29: आतिशबाजी | S29: =Table2[[#Totals],[आतिशबाजी]] -> 1
B30: 5 | C30: देहरादून | D30: =COUNTIFS(Table1[जनपद],Table2[[#This Row],[जनपद]],Table1[कारण],Table2[[#Headers],[शॉर्ट सर्किट]]) -> 39 | E30: =COUNTIFS(Table1[जनपद],Table2[[#This Row],[जनपद]],Table1[कारण],Table2[[#Headers],[गैस लीकेज]]) -> 3 | F30: =COUNTIFS(Table1[जनपद],Table2[[#This Row],[जनपद]],Table1[कारण],Table2[[#Headers],[ओवर हीटिंग]]) -> 0 | G30: =COUNTIFS(Table1[जनपद],Table2[[#This Row],[जनपद]],Table1[कारण],Table2[[#Headers],[आतिशबाजी]]) -> 0 | H30: =COUNTIFS(Table1[जनपद],Table2[[#This Row],[जनपद]],Table1[कारण],Table2[[#Headers],[नरई जलाने से]]) -> 0 | I30: =COUNTIFS(Table1[जनपद],Table2[[#This Row],[जनपद]],Table1[कारण],Table2[[#Headers],[धूम्रपान]]) -> 14 | J30: =COUNTIFS(Table1[जनपद],Table2[[#This Row],[जनपद]],Table1[कारण],Table2[[#Headers],[लापरवाही]]) -> 58 | K30: =COUNTIFS(Table1[जनपद],Table2[[#This Row],[जनपद]],Table1[कारण],Table2[[#Headers],[जान-बूझकर]]) -> 0 | L30: =COUNTIFS(Table1[जनपद],Table2[[#This Row],[जनपद]],Table1[कारण],Table2[[#Headers],[अज्ञात]]) -> 10 | M30: =COUNTIFS(Table1[जनपद],Table2[[#This Row],[जनपद]],Table1[कारण],"") -> 19 | N30: =COUNTIFS(Table1[जनपद],Table2[[#This Row],[जनपद]],Table1[कारण],Table2[[#Headers],[जंगल]]) -> 7 | O30: =SUM(Table2[[#This Row],[शॉर्ट सर्किट]:[कारण अंकित नहीं है]]) -> 143 | R30: नरई जलाने से | S30: =Table2[[#Totals],[नरई जलाने से]] -> 0
B31: 6 | C31: हरिद्वार | D31: =COUNTIFS(Table1[जनपद],Table2[[#This Row],[जनपद]],Table1[कारण],Table2[[#Headers],[शॉर्ट सर्किट]]) -> 16 | E31: =COUNTIFS(Table1[जनपद],Table2[[#This Row],[जनपद]],Table1[कारण],Table2[[#Headers],[गैस लीकेज]]) -> 2 | F31: =COUNTIFS(Table1[जनपद],Table2[[#This Row],[जनपद]],Table1[कारण],Table2[[#Headers],[ओवर हीटिंग]]) -> 0 | G31: =COUNTIFS(Table1[जनपद],Table2[[#This Row],[जनपद]],Table1[कारण],Table2[[#Headers],[आतिशबाजी]]) -> 0 | H31: =COUNTIFS(Table1[जनपद],Table2[[#This Row],[जनपद]],Table1[कारण],Table2[[#Headers],[नरई जलाने से]]) -> 0 | I31: =COUNTIFS(Table1[जनपद],Table2[[#This Row],[जनपद]],Table1[कारण],Table2[[#Headers],[धूम्रपान]]) -> 38 | J31: =COUNTIFS(Table1[जनपद],Table2[[#This Row],[जनपद]],Table1[कारण],Table2[[#Headers],[लापरवाही]]) -> 0 | K31: =COUNTIFS(Table1[जनपद],Table2[[#This Row],[जनपद]],Table1[कारण],Table2[[#Headers],[जान-बूझकर]]) -> 0 | L31: =COUNTIFS(Table1[जनपद],Table2[[#This Row],[जनपद]],Table1[कारण],Table2[[#Headers],[अज्ञात]]) -> 13 | M31: =COUNTIFS(Table1[जनपद],Table2[[#This Row],[जनपद]],Table1[कारण],"") -> 11 | N31: =COUNTIFS(Table1[जनपद],Table2[[#This Row],[जनपद]],Table1[कारण],Table2[[#Headers],[जंगल]]) -> 0 | O31: =SUM(Table2[[#This Row],[शॉर्ट सर्किट]:[कारण अंकित नहीं है]]) -> 80 | R31: धूम्रपान | S31: =Table2[[#Totals],[धूम्रपान]] -> 88
B32: 7 | C32: नैनीताल | D32: =COUNTIFS(Table1[जनपद],Table2[[#This Row],[जनपद]],Table1[कारण],Table2[[#Headers],[शॉर्ट सर्किट]]) -> 0 | E32: =COUNTIFS(Table1[जनपद],Table2[[#This Row],[जनपद]],Table1[कारण],Table2[[#Headers],[गैस लीकेज]]) -> 0 | F32: =COUNTIFS(Table1[जनपद],Table2[[#This Row],[जनपद]],Table1[कारण],Table2[[#Headers],[ओवर हीटिंग]]) -> 0 | G32: =COUNTIFS(Table1[जनपद],Table2[[#This Row],[जनपद]],Table1[कारण],Table2[[#Headers],[आतिशबाजी]]) -> 0 | H32: =COUNTIFS(Table1[जनपद],Table2[[#This Row],[जनपद]],Table1[कारण],Table2[[#Headers],[नरई जलाने से]]) -> 0 | I32: =COUNTIFS(Table1[जनपद],Table2[[#This Row],[जनपद]],Table1[कारण],Table2[[#Headers],[धूम्रपान]]) -> 0 | J32: =COUNTIFS(Table1[जनपद],Table2[[#This Row],[जनपद]],Table1[कारण],Table2[[#Headers],[लापरवाही]]) -> 0 | K32: =COUNTIFS(Table1[जनपद],Table2[[#This Row],[जनपद]],Table1[कारण],Table2[[#Headers],[जान-बूझकर]]) -> 0 | L32: =COUNTIFS(Table1[जनपद],Table2[[#This Row],[जनपद]],Table1[कारण],Table2[[#Headers],[अज्ञात]]) -> 0 | M32: =COUNTIFS(Table1[जनपद],Table2[[#This Row],[जनपद]],Table1[कारण],"") -> 0 | N32: =COUNTIFS(Table1[जनपद],Table2[[#This Row],[जनपद]],Table1[कारण],Table2[[#Headers],[जंगल]]) -> 0 | O32: =SUM(Table2[[#This Row],[शॉर्ट सर्किट]:[कारण अंकित नहीं है]]) -> 0 | R32: लापरवाही | S32: =Table2[[#Totals],[लापरवाही]] -> 58
B33: 8 | C33: पौड़ी | D33: =COUNTIFS(Table1[जनपद],Table2[[#This Row],[जनपद]],Table1[कारण],Table2[[#Headers],[शॉर्ट सर्किट]]) -> 0 | E33: =COUNTIFS(Table1[जनपद],Table2[[#This Row],[जनपद]],Table1[कारण],Table2[[#Headers],[गैस लीकेज]]) -> 0 | F33: =COUNTIFS(Table1[जनपद],Table2[[#This Row],[जनपद]],Table1[कारण],Table2[[#Headers],[ओवर हीटिंग]]) -> 0 | G33: =COUNTIFS(Table1[जनपद],Table2[[#This Row],[जनपद]],Table1[कारण],Table2[[#Headers],[आतिशबाजी]]) -> 0 | H33: =COUNTIFS(Table1[जनपद],Table2[[#This Row],[जनपद]],Table1[कारण],Table2[[#Headers],[नरई जलाने से]]) -> 0 | I33: =COUNTIFS(Table1[जनपद],Table2[[#This Row],[जनपद]],Table1[कारण],Table2[[#Headers],[धूम्रपान]]) -> 0 | J33: =COUNTIFS(Table1[जनपद],Table2[[#This Row],[जनपद]],Table1[कारण],Table2[[#Headers],[लापरवाही]]) -> 0 | K33: =COUNTIFS(Table1[जनपद],Table2[[#This Row],[जनपद]],Table1[कारण],Table2[[#Headers],[जान-बूझकर]]) -> 0 | L33: =COUNTIFS(Table1[जनपद],Table2[[#This Row],[जनपद]],Table1[कारण],Table2[[#Headers],[अज्ञात]]) -> 0 | M33: =COUNTIFS(Table1[जनपद],Table2[[#This Row],[जनपद]],Table1[कारण],"") -> 0 | N33: =COUNTIFS(Table1[जनपद],Table2[[#This Row],[जनपद]],Table1[कारण],Table2[[#Headers],[जंगल]]) -> 0 | O33: =SUM(Table2[[#This Row],[शॉर्ट सर्किट]:[कारण अंकित नहीं है]]) -> 0 | R33: जान-बूझकर | S33: =Table2[[#Totals],[जान-बूझकर]] -> 0
B34: 9 | C34: पिथौरागढ़ | D34: =COUNTIFS(Table1[जनपद],Table2[[#This Row],[जनपद]],Table1[कारण],Table2[[#Headers],[शॉर्ट सर्किट]]) -> 0 | E34: =COUNTIFS(Table1[जनपद],Table2[[#This Row],[जनपद]],Table1[कारण],Table2[[#Headers],[गैस लीकेज]]) -> 0 | F34: =COUNTIFS(Table1[जनपद],Table2[[#This Row],[जनपद]],Table1[कारण],Table2[[#Headers],[ओवर हीटिंग]]) -> 0 | G34: =COUNTIFS(Table1[जनपद],Table2[[#This Row],[जनपद]],Table1[कारण],Table2[[#Headers],[आतिशबाजी]]) -> 0 | H34: =COUNTIFS(Table1[जनपद],Table2[[#This Row],[जनपद]],Table1[कारण],Table2[[#Headers],[नरई जलाने से]]) -> 0 | I34: =COUNTIFS(Table1[जनपद],Table2[[#This Row],[जनपद]],Table1[कारण],Table2[[#Headers],[धूम्रपान]]) -> 0 | J34: =COUNTIFS(Table1[जनपद],Table2[[#This Row],[जनपद]],Table1[कारण],Table2[[#Headers],[लापरवाही]]) -> 0 | K34: =COUNTIFS(Table1[जनपद],Table2[[#This Row],[जनपद]],Table1[कारण],Table2[[#Headers],[जान-बूझकर]]) -> 0 | L34: =COUNTIFS(Table1[जनपद],Table2[[#This Row],[जनपद]],Table1[कारण],Table2[[#Headers],[अज्ञात]]) -> 0 | M34: =COUNTIFS(Table1[जनपद],Table2[[#This Row],[जनपद]],Table1[कारण],"") -> 0 | N34: =COUNTIFS(Table1[जनपद],Table2[[#This Row],[जनपद]],Table1[कारण],Table2[[#Headers],[जंगल]]) -> 0 | O34: =SUM(Table2[[#This Row],[शॉर्ट सर्किट]:[कारण अंकित नहीं है]]) -> 0 | R34: अज्ञात | S34: =Table2[[#Totals],[अज्ञात]] -> 31
B35: 10 | C35: रुद्रप्रयाग | D35: =COUNTIFS(Table1[जनपद],Table2[[#This Row],[जनपद]],Table1[कारण],Table2[[#Headers],[शॉर्ट सर्किट]]) -> 0 | E35: =COUNTIFS(Table1[जनपद],Table2[[#This Row],[जनपद]],Table1[कारण],Table2[[#Headers],[गैस लीकेज]]) -> 0 | F35: =COUNTIFS(Table1[जनपद],Table2[[#This Row],[जनपद]],Table1[कारण],Table2[[#Headers],[ओवर हीटिंग]]) -> 0 | G35: =COUNTIFS(Table1[जनपद],Table2[[#This Row],[जनपद]],Table1[कारण],Table2[[#Headers],[आतिशबाजी]]) -> 0 | H35: =COUNTIFS(Table1[जनपद],Table2[[#This Row],[जनपद]],Table1[कारण],Table2[[#Headers],[नरई जलाने से]]) -> 0 | I35: =COUNTIFS(Table1[जनपद],Table2[[#This Row],[जनपद]],Table1[कारण],Table2[[#Headers],[धूम्रपान]]) -> 0 | J35: =COUNTIFS(Table1[जनपद],Table2[[#This Row],[जनपद]],Table1[कारण],Table2[[#Headers],[लापरवाही]]) -> 0 | K35: =COUNTIFS(Table1[जनपद],Table2[[#This Row],[जनपद]],Table1[कारण],Table2[[#Headers],[जान-बूझकर]]) -> 0 | L35: =COUNTIFS(Table1[जनपद],Table2[[#This Row],[जनपद]],Table1[कारण],Table2[[#Headers],[अज्ञात]]) -> 0 | M35: =COUNTIFS(Table1[जनपद],Table2[[#This Row],[जनपद]],Table1[कारण],"") -> 0 | N35: =COUNTIFS(Table1[जनपद],Table2[[#This Row],[जनपद]],Table1[कारण],Table2[[#Headers],[जंगल]]) -> 0 | O35: =SUM(Table2[[#This Row],[शॉर्ट सर्किट]:[कारण अंकित नहीं है]]) -> 0 | R35: कारण अंकित नहीं है | S35: =Table2[[#Totals],[कारण अंकित नहीं है]] -> 105
B36: 11 | C36: टिहरी | D36: =COUNTIFS(Table1[जनपद],Table2[[#This Row],[जनपद]],Table1[कारण],Table2[[#Headers],[शॉर्ट सर्किट]]) -> 0 | E36: =COUNTIFS(Table1[जनपद],Table2[[#This Row],[जनपद]],Table1[कारण],Table2[[#Headers],[गैस लीकेज]]) -> 0 | F36: =COUNTIFS(Table1[जनपद],Table2[[#This Row],[जनपद]],Table1[कारण],Table2[[#Headers],[ओवर हीटिंग]]) -> 0 | G36: =COUNTIFS(Table1[जनपद],Table2[[#This Row],[जनपद]],Table1[कारण],Table2[[#Headers],[आतिशबाजी]]) -> 0 | H36: =COUNTIFS(Table1[जनपद],Table2[[#This Row],[जनपद]],Table1[कारण],Table2[[#Headers],[नरई जलाने से]]) -> 0 | I36: =COUNTIFS(Table1[जनपद],Table2[[#This Row],[जनपद]],Table1[कारण],Table2[[#Headers],[धूम्रपान]]) -> 0 | J36: =COUNTIFS(Table1[जनपद],Table2[[#This Row],[जनपद]],Table1[कारण],Table2[[#Headers],[लापरवाही]]) -> 0 | K36: =COUNTIFS(Table1[जनपद],Table2[[#This Row],[जनपद]],Table1[कारण],Table2[[#Headers],[जान-बूझकर]]) -> 0 | L36: =COUNTIFS(Table1[जनपद],Table2[[#This Row],[जनपद]],Table1[कारण],Table2[[#Headers],[अज्ञात]]) -> 0 | M36: =COUNTIFS(Table1[जनपद],Table2[[#This Row],[जनपद]],Table1[कारण],"") -> 0 | N36: =COUNTIFS(Table1[जनपद],Table2[[#This Row],[जनपद]],Table1[कारण],Table2[[#Headers],[जंगल]]) -> 0 | O36: =SUM(Table2[[#This Row],[शॉर्ट सर्किट]:[कारण अंकित नहीं है]]) -> 0 | R36: फोरेस्ट फायर | S36: =Table2[[#Totals],[जंगल]] -> 470
B37: 12 | C37: ऊधमसिंहनगर | D37: =COUNTIFS(Table1[जनपद],Table2[[#This Row],[जनपद]],Table1[कारण],Table2[[#Headers],[शॉर्ट सर्किट]]) -> 15 | E37: =COUNTIFS(Table1[जनपद],Table2[[#This Row],[जनपद]],Table1[कारण],Table2[[#Headers],[गैस लीकेज]]) -> 3 | F37: =COUNTIFS(Table1[जनपद],Table2[[#This Row],[जनपद]],Table1[कारण],Table2[[#Headers],[ओवर हीटिंग]]) -> 2 | G37: =COUNTIFS(Table1[जनपद],Table2[[#This Row],[जनपद]],Table1[कारण],Table2[[#Headers],[आतिशबाजी]]) -> 1 | H37: =COUNTIFS(Table1[जनपद],Table2[[#This Row],[जनपद]],Table1[कारण],Table2[[#Headers],[नरई जलाने से]]) -> 0 | I37: =COUNTIFS(Table1[जनपद],Table2[[#This Row],[जनपद]],Table1[कारण],Table2[[#Headers],[धूम्रपान]]) -> 35 | J37: =COUNTIFS(Table1[जनपद],Table2[[#This Row],[जनपद]],Table1[कारण],Table2[[#Headers],[लापरवाही]]) -> 0 | K37: =COUNTIFS(Table1[जनपद],Table2[[#This Row],[जनपद]],Table1[कारण],Table2[[#Headers],[जान-बूझकर]]) -> 0 | L37: =COUNTIFS(Table1[जनपद],Table2[[#This Row],[जनपद]],Table1[कारण],Table2[[#Headers],[अज्ञात]]) -> 5 | M37: =COUNTIFS(Table1[जनपद],Table2[[#This Row],[जनपद]],Table1[कारण],"") -> 8 | N37: =COUNTIFS(Table1[जनपद],Table2[[#This Row],[जनपद]],Table1[कारण],Table2[[#Headers],[जंगल]]) -> 1 | O37: =SUM(Table2[[#This Row],[शॉर्ट सर्किट]:[कारण अंकित नहीं है]]) -> 69
B38: 13 | C38: उत्तरकाशी | D38: =COUNTIFS(Table1[जनपद],Table2[[#This Row],[जनपद]],Table1[कारण],Table2[[#Headers],[शॉर्ट सर्किट]]) -> 0 | E38: =COUNTIFS(Table1[जनपद],Table2[[#This Row],[जनपद]],Table1[कारण],Table2[[#Headers],[गैस लीकेज]]) -> 0 | F38: =COUNTIFS(Table1[जनपद],Table2[[#This Row],[जनपद]],Table1[कारण],Table2[[#Headers],[ओवर हीटिंग]]) -> 0 | G38: =COUNTIFS(Table1[जनपद],Table2[[#This Row],[जनपद]],Table1[कारण],Table2[[#Headers],[आतिशबाजी]]) -> 0 | H38: =COUNTIFS(Table1[जनपद],Table2[[#This Row],[जनपद]],Table1[कारण],Table2[[#Headers],[नरई जलाने से]]) -> 0 | I38: =COUNTIFS(Table1[जनपद],Table2[[#This Row],[जनपद]],Table1[कारण],Table2[[#Headers],[धूम्रपान]]) -> 1 | J38: =COUNTIFS(Table1[जनपद],Table2[[#This Row],[जनपद]],Table1[कारण],Table2[[#Headers],[लापरवाही]]) -> 0 | K38: =COUNTIFS(Table1[जनपद],Table2[[#This Row],[जनपद]],Table1[कारण],Table2[[#Headers],[जान-बूझकर]]) -> 0 | L38: =COUNTIFS(Table1[जनपद],Table2[[#This Row],[जनपद]],Table1[कारण],Table2[[#Headers],[अज्ञात]]) -> 0 | M38: =COUNTIFS(Table1[जनपद],Table2[[#This Row],[जनपद]],Table1[कारण],"") -> 35 | N38: 462 | O38: =SUM(Table2[[#This Row],[शॉर्ट सर्किट]:[कारण अंकित नहीं है]]) -> 36
B39: Total | D39: =SUBTOTAL(109,Table2[शॉर्ट सर्किट]) -> 71 | E39: =SUBTOTAL(109,Table2[गैस लीकेज]) -> 8 | F39: =SUBTOTAL(109,Table2[ओवर हीटिंग]) -> 2 | G39: =SUBTOTAL(109,Table2[आतिशबाजी]) -> 1 | H39: =SUBTOTAL(109,Table2[नरई जलाने से]) -> 0 | I39: =SUBTOTAL(109,Table2[धूम्रपान]) -> 88 | J39: =SUBTOTAL(109,Table2[लापरवाही]) -> 58 | K39: =SUBTOTAL(109,Table2[जान-बूझकर]) -> 0 | L39: =SUBTOTAL(109,Table2[अज्ञात]) -> 31 | M39: =SUBTOTAL(109,Table2[कारण अंकित नहीं है]) -> 105 | N39: =SUBTOTAL(109,Table2[जंगल]) -> 470 | O39: =SUBTOTAL(109,Table2[कुल]) -> 364
F44: Vehicle Fire | I44: Building Fire
E45: कार | F45: =COUNTIF(Table1[Goods],Sheet1!E45) -> 3 | G45: =F45/$F$53 -> 1 | I45: घर | J45: =COUNTIF(Table1[Goods],Sheet1!I45) -> 8 | K45: =J45/$J$53 -> 0.47058824
E46: बस | F46: =COUNTIF(Table1[Goods],Sheet1!E46) -> 0 | G46: =F46/$F$53 -> 0 | I46: दुकान | J46: =COUNTIF(Table1[Goods],Sheet1!I46) -> 2 | K46: =J46/$J$53 -> 0.11764706
E47: ट्रक | F47: =COUNTIF(Table1[Goods],Sheet1!E47) -> 0 | G47: =F47/$F$53 -> 0 | I47: फैक्ट्री | J47: =COUNTIF(Table1[Goods],Sheet1!I47) -> 1 | K47: =J47/$J$53 -> 0.058823529
E48: क्रैन | F48: =COUNTIF(Table1[Goods],Sheet1!E48) -> 0 | G48: =F48/$F$53 -> 0 | I48: फ्लैट | J48: =COUNTIF(Table1[Goods],Sheet1!I48) -> 0 | K48: =J48/$J$53 -> 0
E49: बाइक | F49: =COUNTIF(Table1[Goods],Sheet1!E49) -> 0 | G49: =F49/$F$53 -> 0 | I49: गोदाम | J49: =COUNTIF(Table1[Goods],Sheet1!I49) -> 3 | K49: =J49/$J$53 -> 0.17647059
E50: स्कूटी | F50: =COUNTIF(Table1[Goods],Sheet1!E50) -> 0 | G50: =F50/$F$53 -> 0 | I50: होटल | J50: =COUNTIF(Table1[Goods],Sheet1!I50) -> 0 | K50: =J50/$J$53 -> 0
E51: टैम्पो | F51: =COUNTIF(Table1[Goods],Sheet1!E51) -> 0 | G51: =F51/$F$53 -> 0 | I51: बैंक | J51: =COUNTIF(Table1[Goods],Sheet1!I51) -> 0 | K51: =J51/$J$53 -> 0
I52: झोपड़ी | J52: =COUNTIF(Table1[Goods],Sheet1!I52) -> 3 | K52: =J52/$J$53 -> 0.17647059
F53: =SUM(F45:F52) -> 3 | J53: =SUM(J45:J52) -> 17

Sheet All-Final
B2: क्र. | C2: क्र.2 | D2: जनपद | E2: (जिस फायर स्टेशन क्षेत्रार्न्तागत अग्निकाण्ड हुआ हो) | F2: अग्निकाण्ड का दिनांक | G2: समय | H2: घटनास्थल का संक्षेप्त विवरण | I2: अग्निकाण्ड का कारण | J2: कारण | K2: अग्निकाण्ड का प्रकार (आग किस वस्तु में लगी है) | L2: Goods | M2: अनुमानित क्षति सम्पति (फायर रिपोर्ट के आधार पर) | N2: अनुमानित बचायी गई सम्पति | O2: जीव मरे (मनुष्य) | P2: जीव मरे (पशु) | Q2: जीव घायल (मनुष्य) | R2: जीव घायल (पशु) | S2: जीव बचे (मनुष्य) | T2: जीव बचे (पशु)
B3: 2301 | C3: 24 | D3: उत्तरकाशी | E3: उत्तरकाशी | F3: 45444 | G3: 0.35416667 | H3: आग की सूचना प्राप्त होते ही फायर यूनिट घटना स्थल को रवाना हुए पहुचकर देखा कि आग मही डांडा प्ज्ठच् कैम्पस के चारो ओर जंगल में लगी थी, जो कि तेजी से ऑफिसर मैस एवं ऑफिसर कॉलानी की तरफ बढ रही थी। जिसे फायर यूनिट ने एम0एफ0ई0 से पम्पिंग कर 04 हौज फेलाकर आग को पूर्णरूप से बुझाया बाद अग्निशमन कार्य के फायर यूनिट जल संस्थान से वाहन में पानी भरकर वापस फायर स्टेशन उपस्थित हुए। | M3: 20000 | N3: 3480000 | O3: - | P3: - | Q3: - | R3: - | S3: - | T3: -
B4: 2302 | C4: 25 | D4: उत्तरकाशी | E4: उत्तरकाशी | F4: 45444 | G4: 0.68263889 | H4: आग की सूचना प्राप्त होते ही फायर यूनिट घटना स्थल को रवाना हुए पहुचकर देखा कि आग क्ळठत् कैम्प से ऊपर तेखला के समीप जंगल मे लगी थी जो कि तेजी से छप्ड प्रशिक्षण कन्द्र की ओर बढ रही थी। जिसे फायर यूनिट ने हाई प्रेशर पम्प से पम्पिंग कर होजरील की सहायता से आग को पूर्णरूप से बुझाया बाद अग्निशमन कार्य के फायर यूनिट जल संस्थान से वाहन में पानी भरकर वापस फायर स्टेशन उपस्थित हुए। | M4: 5000 | N4: 1995000 | O4: - | P4: - | Q4: - | R4: - | S4: - | T4: -
B5: 2303 | C5: 26 | D5: उत्तरकाशी | E5: उत्तरकाशी | F5: 45444 | G5: 0.68472222 | H5: आग की सूचना प्राप्त होते ही फायर यूनिट घटना स्थल को रवाना हुए पहुचकर देखा कि आग सिलक्यारा के पास जंगल में लगी थी जो तेजी से आवासीय कालोनी की ओर बढ रही थी जिसे फायर यूनिट ने एम0एफ0ई0 से पम्पिंग कर होजरील एव होज पाईप फैलाकरे आग को पूर्णरूप से बुझाया बाद अग्निशमन कार्य के फायर यूनिट धरासू पुल से पानी भर कर वापास एफएस यूनिट चिन्यालीसैड उपस्थित हुए। | M5: 5000 | N5: 1995000 | O5: - | P5: - | Q5: - | R5: - | S5: - | T5: -
B6: 2314 | C6: 37 | D6: उत्तरकाशी | E6: नौगांव (बडकोट) | F6: 45444 | G6: 0.43402778 | H6: स्टेशन प्रभारी महोदय के माबाईल पर ओरछा बैंड के निकट जंगल में आग लगने की सूचना प्राप्त हुई जो बडी तेजी से आवासीय बस्ती की और बढ रही है। उक्त सूचना पर त्वरित कार्यवाही करते हुयें फायर यूनिट बडकोट घटना स्थल हेतु रवना हुई तथा घटना स्थल पर पहुॅच कर मो0फ0ई0 से हौज रील फैलाकर आग को बुझाना आरम्भ किया गया एवं आग को आवासीय बस्ती की और आने से रोका गया तथा कडी महनत कर व लगातार पानी का छिडकाव कर आग को पूर्ण रूप से बुझा दिया गया। उक्त आग में स्थानिय लोगो के फल दार वृक्ष जल कर नष्ट हो गये अन्य किसी भी प्रकार की कोई जन हानि नही हुई है। | M6: 1,00,000/- | N6: 49,00,000/- | O6: - | P6: - | Q6: - | R6: - | S6: - | T6: -
B7: 2315 | C7: 38 | D7: उत्तरकाशी | E7: नौगांव (बडकोट) | F7: 45444 | G7: 0.49583333 | H7: एम.डी.टी. पर तिलाडी रोड बडकोट में जंगल में आग लगने की सूचना प्राप्त हुई सूचना प्रात्प होते ही फायर यूनिट बडकोट घटना स्थल पर पहुॅची तथा देखा की आग डम्पिंग जोन के निकट जंगल में लगी है। जिसको फायर यूनिट द्वारा मो0फा0 इं0 से पम्पिंग कर 01 हौज व होज रील फैलाकर आग को कडी महनत के बाद पूर्ण रूप से बुझा दिया गया। उक्त आग में किसी भी प्रकार की कोई जन हानि नही हुई है। | M7: 50,000/- | N7: 9,50,000/- | O7: - | P7: - | Q7: - | R7: - | S7: - | T7: -
B8: 2316 | C8: 39 | D8: उत्तरकाशी | E8: नौगांव (बडकोट) | F8: 45444 | G8: 0.72986111 | H8: एम.डी.टी. के माध्यम से डंडाल गॉव के निकट जंगल में आग लगने की सूचना प्राप्त हुई जो बडी तेजी से आवासीय बस्ती की और बढ रही है। उक्त सूचना पर त्वरित कार्यवाही करते हुयें फायर यूनिट बडकोट घटना स्थल हेतु रवना हुई तथा घटना स्थल पर पहुॅच कर मो0फ0ई0 से हौज रील फैलाकर आग को बुझाना आरम्भ किया गया एवं आग को आवासीय बस्ती की और आने से रोका गया तथा कडी महनत कर व लगातार पानी का छिडकाव कर आग को पूर्ण रूप से बुझा दिया गया। उक्त आग में स्थानिय लोगो के फल दार वृक्ष जल कर नष्ट हो गये अन्य किसी भी प्रकार की कोई जन हानि नही हुई है। | M8: 50,000/- | N8: 9,50,000/- | O8: - | P8: - | Q8: - | R8: - | S8: - | T8: -
B9: 1006 | C9: 505 | D9: ऊधमसिंहनगर | E9: पन्तनगर | F9: 45444 | G9: 0.34375 | H9: निकट षिवालय हल्दी पन्तनगर यूनिवर्सिटी के निकट घर में लगी आग | I9: संभवतः शार्ट सर्किट से | J9: शॉर्ट सर्किट | K9: घर में रखे बिस्तर एवं सामान में | M9: 150000 | N9: 50000 | O9: - | P9: - | Q9: - | R9: - | S9: - | T9: -
B10: 1023 | C10: 523 | D10: ऊधमसिंहनगर | E10: रूद्रपुर | F10: 45444 | G10: 0.52361111 | H10: पहाड़गंज रूद्रपुर | I10: सम्भवतः लापरवाही पूर्वक धूम्रपान | J10: धूम्रपान | K10: कूडे के ढेर में | M10: शून्य | N10: शून्य | O10: - | P10: - | Q10: - | R10: - | S10: - | T10: -
B11: 1024 | C11: 524 | D11: ऊधमसिंहनगर | E11: रूद्रपुर | F11: 45444 | G11: 0.86180556 | H11: पहाड़गंज रूद्रपुर | I11: सम्भवतः लापरवाही पूर्वक धूम्रपान | J11: धूम्रपान | K11: कूडे के ढेर में | M11: शून्य | N11: शून्य | O11: - | P11: - | Q11: - | R11: - | S11: - | T11: -
B12: 2339 | C12: Rishikesh-1 | D12: देहरादून | E12: ऋषिकेश | F12: 45444 | I12: सम्भवतः अज्ञात व्यक्ति द्वारा लापरवाही से धूम्रपान फेंकने से | J12: धूम्रपान
B13: 337 | C13: 1 | D13: देहरादून | E13: देहरादून | F13: 45444 | G13: 0.63194444 | H13: ्रेसठ पार्क रोड देहरादून | I13: मध्य मार्ग | J13: आधे रास्ते | K13: घर में | L13: घर | M13: - | N13: - | O13: - | P13: - | Q13: - | R13: - | S13: - | T13: -
B14: 338 | C14: 2 | D14: देहरादून | E14: देहरादून | F14: 45444 | G14: 0.69791667 | H14: बंगाली काठी | I14: अज्ञात | J14: अज्ञात | K14: रेस्टोरेन्ट | M14: 20000 | N14: 980000 | O14: - | P14: - | Q14: - | R14: - | S14: - | T14: -
B15: 339 | C15: 3 | D15: देहरादून | E15: देहरादून | F15: 45444 | G15: 0.70833333 | H15: मसूरी रोड फ्रैंड कैफे | I15: अज्ञात | J15: अज्ञात | K15: रेस्टारेन्ट | M15: 500000 | N15: 10000000 | O15: - | P15: - | Q15: - | R15: - | S15: - | T15: -
B16: 340 | C16: 4 | D16: देहरादून | E16: देहरादून | F16: 45444 | G16: 0.98333333 | H16: वैीभव चौक बसन्त विहार | I16: र्षाअ सर्किट | J16: शॉर्ट सर्किट | K16: दुकान | M16: 100000 | N16: 400000 | O16: - | P16: - | Q16: - | R16: - | S16: - | T16: -
B17: 425 | C17: 1 | D17: देहरादून | E17: देहरादून | F17: 45444 | G17: 0.42708333 | H17: मालदेवता | I17: लापरवाही | J17: लापरवाही | K17: जंगल में | M17: 100000 | N17: 1900000 | O17: - | P17: - | Q17: - | R17: - | S17: - | T17: -
B18: 426 | C18: 2 | D18: देहरादून | E18: देहरादून | F18: 45444 | G18: 0.54097222 | H18: गुच्चुपानी | I18: लापरवाही | J18: लापरवाही | K18: जंगल में | M18: 200000 | N18: 300000 | O18: - | P18: - | Q18: - | R18: - | S18: - | T18: -
B19: 427 | C19: 3 | D19: देहरादून | E19: देहरादून | F19: 45444 | G19: 0.56597222 | H19: मीठीबेरी प्रेमनगर | I19: लापरवाही | J19: लापरवाही | K19: जंगल में | M19: 100000 | N19: 300000 | O19: - | P19: - | Q19: - | R19: - | S19: - | T19: -
B20: 428 | C20: 4 | D20: देहरादून | E20: देहरादून | F20: 45444 | G20: 0.61805556 | H20: मालदेवता | I20: लापरवाही | J20: लापरवाही | K20: जंगल में | M20: 100000 | N20: 900000 | O20: - | P20: - | Q20: - | R20: - | S20: - | T20: -
B21: 429 | C21: 5 | D21: देहरादून | E21: देहरादून | F21: 45444 | G21: 0.64097222 | H21: कैनाल रोड षिप्रा रोड | I21: लापरवाही | J21: लापरवाही | K21: जंगल में | M21: 50000 | N21: 1950000 | O21: - | P21: - | Q21: - | R21: - | S21: - | T21: -
B22: 430 | C22: 6 | D22: देहरादून | E22: देहरादून | F22: 45444 | G22: 0.68819444 | H22: चन्द्ररोटी गाूव के पास | I22: लापरवाही | J22: लापरवाही | K22: जंगल में | M22: 50000 | N22: 150000 | O22: - | P22: - | Q22: - | R22: - | S22: - | T22: -
B23: 431 | C23: 7 | D23: देहरादून | E23: देहरादून | F23: 45444 | G23: 0.74652778 | H23: गुनियाल गॉव | I23: लापरवाही | J23: लापरवाही | K23: जंगल में | M23: 200000 | N23: 100000 | O23: - | P23: - | Q23: - | R23: - | S23: - | T23: -
B24: 2473 | C24: Mse-1 | D24: देहरादून | E24: मसूरी | F24: 45444 | G24: 0.70972222 | I24: किचन में सिलेण्डर में आग लगना
B25: 1949 | C25: 1 | D25: देहरादून | E25: विकासनगर | F25: 45444 | G25: 14ः16 | K25: महोदय आग नागथात चुरानी के जगल में हिमालयन रिसोर्ट के पास लगी थी, जिसे फायर सर्विस यूनिट ने वाहन से पंम्पिग कर आग को पूर्ण रूप से बुझाया गया। आग से कोई जनहानि नही हुई है। (आग जगंल में लगी थी) आग की श्रेणी- ए-क्लास फायर | M25: 10000/- | N25: 4990000/- | O25: × | P25: × | Q25: × | R25: × | S25: × | T25: ×
B26: 2502 | C26: sqi-1 | D26: देहरादून | E26: सेलाकुई | F26: 45444
B27: 2246 | C27: 269 | D27: पौड़ी गढ़वाल | E27: कोटद्वार | F27: 45444 | G27: 15:57 बजे | H27: महोदय, मैसर्स फ्यूचर स्टीक अल्टीमेट एनर्जी प्रा0लि0, सोलर प्लांट सतपुली के पास जंगल में आग लगी थी जो सोलर प्लांट की और बढ़ रही थी जिसे फायर यूनिट ने मिनी वाटर टेण्डर से होजरील निकालकर पम्पिंग कर जंगल में लगी आग पर लगातार पानी डालकर पूर्ण रूप से बुझाया गया। आग से कोई जनहानि नहीं हुई। | M27: 1000 | N27: 499000 | O27: - | P27: - | Q27: - | R27: - | S27: - | T27: -
B28: 2199 | C28: 222 | D28: पौड़ी गढ़वाल | E28: पौड़ी | F28: 45444 | G28: 0.4625 | H28: म्होदय, आग शाल्डा गांव कोट ब्लॉक के पास जंगल में लगी थी जो तेजी से घरो की ओर बढ़ रही थी जिसको फायर सर्विस यूनिट ने मोटर फायर ईंजन से 01 होजरील फैलाकर आग को पूर्णरूप से बुझाया आग से किसी प्रकार की जनहानि नहीं हुई। | M28: 1000 | N28: 499000 | O28: - | P28: - | Q28: - | R28: - | S28: - | T28: -
B29: 2200 | C29: 223 | D29: पौड़ी गढ़वाल | E29: पौड़ी | F29: 45444 | G29: 0.47291667 | H29: आग देवप्रयाग रोड़ होटल मुमुक्षू के पास जंगल में लगी थी जो तेजी से होटल व बस्ती की ओर बढ़ रही थी जिसको फायर सर्विस यूनिट ने बुझाना प्रारम्भ किया आग की अधिकता को देखते हुये श्रीमान अग्निशमन अधिकारी महोदय द्वारा दूसरे वाहन की मांग की गयी दोनो फायर यूनिटो ने मिलकर आग को पूर्णरूप से बुझाया। | M29: 1000 | N29: 4999000 | O29: - | P29: - | Q29: - | R29: - | S29: - | T29: -
B30: 2201 | C30: 224 | D30: पौड़ी गढ़वाल | E30: पौड़ी | F30: 45444 | G30: 0.63888889 | H30: प्रभारी अग्निशमन अधिकारी महोदय ने पूर्व से घटनास्थल होटल मुमुक्षू पर तैनात फायर यूनिट को सूचना दी कि ग्राम भट कोट के पास जंगल में आग लगी है जो तेजी से घरो की ओर बढ़ रही है घटनास्थल पर पहुॅचकर फायर यूनिट द्वारा आग को पूर्णरूप से बुझाया गया। | M30: 1000 | N30: 499000 | O30: - | P30: - | Q30: - | R30: - | S30: - | T30: -
B31: 2202 | C31: 225 | D31: पौड़ी गढ़वाल | E31: पौड़ी | F31: 45444 | G31: 0.68888889 | H31: प्रभारी अग्निशमन अधिकारी महोदय ने पूर्व से घटनास्थल ग्राम भटकोट पर तैनात फायर यूनिट को सूचना दी कि चौड़गांव के पास जंगल में आग लगी है जो तेजी से घरो की ओर बढ़ रही है घटनास्थल पर पहुॅचकर फायर यूनिट द्वारा आग को पूर्णरूप से बुझाया गया। | M31: 1000 | N31: 499000 | O31: - | P31: - | Q31: - | R31: - | S31: - | T31: -
B32: 2203 | C32: 226 | D32: पौड़ी गढ़वाल | E32: पौड़ी | F32: 45444 | G32: 0.82152778 | H32: महोदय, आग ग्राम सकेडा में 01 मकान में लगी थी जो काफी दिनो से बन्द पड़ा हुआ था जिसको फायर यूनिट द्वारा एक्स्टिंग्यूशर की मदद से पूर्णरूप से बुझाया गया। | M32: 1000 | N32: 799000 | O32: - | P32: - | Q32: - | R32: - | S32: - | T32: -
B33: 3628 | C33: bgr-7 | D33: बागेश्वर | E33: बागेश्वर | F33: 45444 | G33: 0.66805556 | H33: द्यांगण बाय-पास नीलेष्वर रोड में आवासीय क्षेत्र की ओर बढ़ती जंगल की आग | M33: - | N33: - | O33: - | P33: - | Q33: - | R33: - | S33: - | T33: -
B34: 1435 | C34: 1 | D34: हरिद्वार | E34: मायापुर | F34: 45444 | G34: 0.14166667 | H34: खन्नानगर, ज्वालापुर, हरिद्वार। | I34: सम्भवतः ज्यादा लोड़ पड़ने से इन्वेटर में आग लगी। | K34: आग घर के एक कमरे रखे इन्वेटर में लगी थी आग ई श्रेणी की थी। | L34: घर | M34: 20,000/- | N34: 49,80,000/- | O34: - | P34: - | Q34: - | R34: - | S34: - | T34: -
B35: 1436 | C35: 2 | D35: हरिद्वार | E35: मायापुर | F35: 45444 | G35: 0.15902778 | H35: बी.एच.ई.एल, से0-04, आवास में, हरिद्वार। | I35: आग कही नही मिल फायर सर्विस टीम घटनास्थल से वापस आयी। | K35: . | L35: घर | M35: - | N35: - | O35: - | P35: - | Q35: - | R35: - | S35: -
B36: 1472 | C36: 38 | D36: हरिद्वार | E36: रूड़की | F36: 45444 | G36: 0.066446759 | H36: सुनहरा रोड़ निकट ईदगाह चौक थाना क्ष्ेात्र गंगनहर रूड़की | I36: विद्युत षार्ट सर्किट | J36: शॉर्ट सर्किट | K36: विद्युत ट्रांन्सफार्मर में। | M36: 1000 | N36: 299000 | O36: Nil | P36: Nil | Q36: Nil | R36: Nil | S36: Nil | T36: Nil
B37: 1473 | C37: 39 | D37: हरिद्वार | E37: रूड़की | F37: 45444 | G37: 0.071840278 | H37: मैसर्स अरोमा क्राफ्ट एण्ड टिषूस ग्राम-नूरपुर बुढ़पुर थाना क्षेत्र झबरेड़ा | I37: जांच प्रचलित है। | K37: - | L37: दुकान | M37: - | N37: - | O37: Nil | P37: Nil | Q37: Nil | R37: Nil | S37: 5 | T37: Nil
B38: 1474 | C38: 40 | D38: हरिद्वार | E38: रूड़की | F38: 45444 | G38: 0.7375 | H38: डंपिंग जोन ग्राम-सालियर थाना क्ष्ेात्र गंगनहर रूड़की | I38: सम्भवतः लापरवाही धूम्रपान | J38: धूम्रपान | K38: छपस | M38: Nil | N38: Nil | O38: Nil | P38: Nil | Q38: Nil | R38: Nil | S38: Nil | T38: Nil
B39: 1496 | C39: 62 | D39: हरिद्वार | E39: लक्सर | F39: 45444 | G39: 0.043055556 | H39: ग्राम रायसी | I39: सम्भवत बीडी सिगरेट पीने के कारण | J39: धूम्रपान | K39: गन्ने की खोई में | M39: 170000/= | N39: 130000/= | O39: NIL | P39: NIL | Q39: NIL | R39: NIL | S39: NIL | T39: NIL
B40: 2304 | C40: 27 | D40: उत्तरकाशी | E40: उत्तरकाशी | F40: 45445 | G40: 0.84027778 | H40: आग की सूचना प्राप्त होते ही फायर यूनिट घटना स्थल को रवाना हुए पहुचकर देखा कि आग मनेरा बाईपास रोड पोखरी गांव के समीप जंगल में लगी थी जिसे फायर यूनिट द्वारा मिनी हायर प्रेशर एवं एम0एफ0ई0 से पम्पिंग कर होज पाईप फेलाकर आग को पूर्णरूप से बुझाया बाद अग्निशमन कार्य के फायर यूनिट वाहन मे पानी भर कर जल संस्थाान से वापास एफएस पर उपस्थित हुए। | M40: 5000 | N40: 1995000 | O40: - | P40: - | Q40: - | R40: - | S40: - | T40: -
B41: 2317 | C41: 40 | D41: उत्तरकाशी | E41: नौगांव (बडकोट) | F41: 45445 | G41: 0.32638889 | H41: थानाध्यक्ष महोदय बडकोट द्वारा स्टेशन प्रभारी के मोबाईल पर रा0महाविघालय टटाऊ के निकट जंगल व झाडियों में आग लगने की सूचना दी सूचना प्रात्प होते ही फायर यूनिट बडकोट घटना स्थल पर पहुॅची तथा देखा की आग जंगल व झाडियो में थी जोकि हवा के तेज बहाव के कारण टटाऊ में चल रही कथा पंडाल के निकट आ रही थी जिसको फायर यूनिट द्वारा मो0फा0 इं0 से पम्पिंग कर 01 हौज फैलाकर आग को कडी महनत के बाद पूर्ण रूप से बुझा दिया गया। उक्त आग में किसी भी प्रकार की कोई जन हानि नही हुई है। | M41: 1,00,000/- | N41: 49,00,000/- | O41: - | P41: - | Q41: - | R41: - | S41: - | T41: -
B42: 2318 | C42: 41 | D42: उत्तरकाशी | E42: नौगांव (बडकोट) | F42: 45445 | G42: 0.81527778 | H42: एम.डी.टी. के माध्यम से ग्राम तुनाल्का के निकट जंगल में आग लगने की सूचना प्राप्त हुई जो बडी तेजी से आवासीय बस्ती की और बढ रही है। उक्त सूचना पर त्वरित कार्यवाही करते हुयें फायर यूनिट नौगांव व बडकोट घटना स्थल हेतु रवना हुई तथा घटना स्थल पर पहुॅच कर मो0फ0ई0 से हौज व होज रील फैलाकर आग को बुझाना आरम्भ किया गया एवं आग को आवासीय बस्ती की और आने से रोका गया तथा कडी महनत कर व लगातार पानी का छिडकाव कर आग को पूर्ण रूप से बुझा दिया गया। | M42: 10,000/- | N42: 4,90,000/- | O42: - | P42: - | Q42: - | R42: - | S42: - | T42: -
B43: 993 | C43: 481 | D43: ऊधमसिंहनगर | E43: काशीपुर | F43: 45445 | G43: 0.0375 | H43: माधव कुंज राधे कॉलोनी नियर कलश मण्डप काशीपुर | I43: सम्भवतः राहगीरो द्वारा लापरवाही से धुम्रपान के द्वारा। | J43: धूम्रपान | K43: झाडियो मे। | M43: 2000 | N43: 98000 | O43: - | P43: - | Q43: - | R43: - | S43: - | T43: -
B44: 994 | C44: 482 | D44: ऊधमसिंहनगर | E44: काशीपुर | F44: 45445 | G44: 0.51736111 | H44: वाधावा ग्रीन रिसोर्ट दडियाल रोड काशीपुर | I44: सम्भवतः विद्युत शॉर्ट सर्किट के द्वारा। | J44: शॉर्ट सर्किट | K44: भूसे के ढेर मे | M44: 50000 | N44: 950000 | O44: - | P44: - | Q44: - | R44: - | S44: - | T44: -
B45: 1007 | C45: 506 | D45: ऊधमसिंहनगर | E45: पन्तनगर | F45: 45445 | G45: 0.64583333 | H45: शिवानी लॉक्स के निकट झाड़ियों में लगी आग | I45: आज्ञात कारणों से | J45: अज्ञात | K45: झाड़ियों में लगी आग | O45: - | P45: - | Q45: - | R45: - | S45: - | T45: -
B46: 1780 | C46: 15 | D46: चमोली | E46: गोपेश्वर | F46: 45445 | G46: 0.76527778 | H46: महोदय आग सोनला से आगे बैरास कुण्ड के जंगल में रोड़ से काफी दूर लगी थी। जिसकी फायर सर्विस यूनिट द्वारा लगातार मॉनिटरिंग की गई। आग से सड़क स्थित होटलों को काई खतरा नहीं है। | M46: - | N46: - | O46: - | P46: - | Q46: - | R46: - | S46: - | T46: -
B47: 1782 | C47: 15 | D47: चमोली | E47: जोशीमठ | F47: 45445 | G47: 0.58958333 | H47: महोदय आग चमोली रोड़ सेलंग गांव के समीप जंगल में लगी थी। फायर यूनिट जोशीमठ व वन विभाग कर्म0 द्वारा आग को पूर्ण रूप से बुझा दिया गया। | M47: 09 लाख | N47: 2 करोड़ | O47: - | P47: - | Q47: - | R47: - | S47: - | T47: -
B48: 341 | C48: 5 | D48: देहरादून | E48: देहरादून | F48: 45445 | G48: 0.056944444 | H48: मोती बाजार | I48: लापरवाही | J48: लापरवाही | K48: कूडे | M48: - | N48: 2000000 | O48: - | P48: - | Q48: - | R48: - | S48: - | T48: -
B49: 432 | C49: 8 | D49: देहरादून | E49: देहरादून | F49: 45445 | G49: 0.53194444 | H49: कैनाल रोड | I49: लापरवाही | J49: लापरवाही | K49: जंगल में | M49: 200000 | N49: 1800000 | O49: - | P49: - | Q49: - | R49: - | S49: - | T49: -
B50: 1947 | C50: 1 | D50: देहरादून | E50: विकासनगर | F50: 45445 | G50: 10ः57 | H50: महोदय आग अम्बाडी में लकडी के ढेर में लगी थी | I50: सम्भवतः लापरवाही धुम्रपान | J50: धूम्रपान | K50: महोदय आग अम्बाड पंवार मार्केट में वन विभाग चौकी में रखे में लकडी के ढेर में लगी थी, जिसे फायर यूनिट ने वाहन से पम्पिंग कर पूर्ण रूप से बुझाया तथा आग को फैलने से रोका गया। (आग लकडी के ढेर में लगी थी) आग की श्रेणी- ए-क्लास फायर | M50: 5000/- | N50: 1995000/- | O50: × | P50: × | Q50: × | R50: × | S50: × | T50: ×
B51: 3635 | C51: bgr-14 | D51: बागेश्वर | E51: गरूड़ | F51: 45445 | G51: 0.73125 | H51: ग्राम सिटोली गैस गोदाम रोड थाना बैजनाथ में जंगल की आग | M51: 2000/- | N51: 23000/- | O51: - | P51: - | Q51: - | R51: - | S51: - | T51: -
B52: 3636 | C52: bgr-15 | D52: बागेश्वर | E52: गरूड़ | F52: 45445 | G52: 0.75625 | H52: ग्राम रतमटिया प्राथमिक विद्यालय थाना कौसानी के पास जंगल की सूखी घास, झाड़ियों व पेड़ों में। | M52: वन सम्पदा | N52: 25000/- | O52: - | P52: - | Q52: - | R52: - | S52: - | T52: -
B53: 1437 | C53: 3 | D53: हरिद्वार | E53: मायापुर | F53: 45445 | G53: 0.27847222 | H53: जमालपुर, कनखल, हरिद्वार। | I53: सम्भवतः इलैक्ट्रिक शार्ट सर्किट के कारण | J53: शॉर्ट सर्किट | K53: आग घर में लगे ए.सी, गीजर. पखें. पर्दे. कपड़ें, फर्नीचर, आदि में लगी थी आग ए श्रेणी की थी। | M53: 1,00,000/- | N53: 49,00,000/- | O53: - | P53: - | Q53: - | R53: - | S53: - | T53: -
B54: 1438 | C54: 4 | D54: हरिद्वार | E54: मायापुर | F54: 45445 | G54: 0.36458333 | H54: निकट-बंगाली अस्पताल, कनखल, हरिद्वार। | I54: सम्भवतः किसी व्यक्ति द्वारा जलती बीडी सिगरेट फेकने के कारण | J54: धूम्रपान | K54: आग झाडियों एवं कूडे आदि में लगी थी आग ए श्रेणी की थी। | L54: झाड़ियों में | M54: - | N54: 50,00,000/- | O54: - | P54: - | Q54: - | R54: - | S54: - | T54: -
B55: 1475 | C55: 41 | D55: हरिद्वार | E55: रूड़की | F55: 45445 | G55: 0.071261574 | H55: मैसर्स होटल दीप रेजीडेन्सी रामनगर चौराहा थाना क्ष्ेात्र गंगनहर रूड़की | I55: विद्युत षार्ट सर्किट | J55: शॉर्ट सर्किट | K55: विद्युत पैनल बोर्ड में। | M55: 2000 | N55: 4998000 | O55: Nil | P55: Nil | Q55: Nil | R55: Nil | S55: Nil | T55: Nil
B56: 2474 | C56: Mse-2 | D56: देहरादून | E56: मसूरी | F56: 45445 | G56: 0.64236111 | I56: अज्ञात | J56: जंगल | K56: जंगल में
B57: 2503 | C57: sqi-2 | F57: 45445
B58: 995 | C58: 483 | D58: ऊधमसिंहनगर | E58: काशीपुर | F58: 45446 | G58: 0.84375 | H58: नगर निगम डम्पिग यार्ड कचनाल गाजी काशीपुर | I58: सम्भवतः राहगीरो द्वारा लापरवाही से धुम्रपान के द्वारा। | J58: धूम्रपान | K58: कुडे के ढेर मे | M58: 1000 | N58: 99000 | O58: - | S58: - | T58: -
B59: 1025 | C59: 525 | D59: ऊधमसिंहनगर | E59: रूद्रपुर | F59: 45446 | G59: 0.50694444 | H59: रेलवे स्टेशन रूद्रपुर के निकट झाड़ियो में | I59: सम्भवतः लापरवाही पूर्वक धूम्रपान | J59: धूम्रपान | K59: झाड़ियों में | M59: शून्य | N59: शून्य | O59: - | P59: - | Q59: - | R59: - | S59: - | T59: -
B60: 1026 | C60: 526 | D60: ऊधमसिंहनगर | E60: रूद्रपुर | F60: 45446 | G60: 0.64236111 | H60: पहाड़गंज रूद्रपुर | I60: सम्भवतः लापरवाहीपूर्वक धूम्रपान | J60: धूम्रपान | K60: कूडे के ढेर में | M60: शून्य | N60: शून्य | O60: - | P60: - | Q60: - | R60: - | S60: - | T60: -
B61: 1027 | C61: 527 | D61: ऊधमसिंहनगर | E61: रूद्रपुर | F61: 45446 | G61: 0.82986111 | H61: पहाड़गंज रूद्रपुर | I61: सम्भवतः लापरवाही पूर्वक धूम्रपान | J61: धूम्रपान | K61: कूडे के ढेर में | M61: शून्य | N61: शून्य | O61: - | P61: - | Q61: - | R61: - | S61: - | T61: -
B62: 1028 | C62: 528 | D62: ऊधमसिंहनगर | E62: रूद्रपुर | F62: 45446 | G62: 0.99583333 | H62: पहाड़गंज रूद्रपुर | I62: सम्भवतः लापरवाही पूर्वक धूम्रपान | J62: धूम्रपान | K62: कूडे के ढेर में | M62: शून्य | N62: शून्य | O62: - | P62: - | Q62: - | R62: - | S62: - | T62: -
B63: 1777 | C63: 16 | D63: चमोली | E63: जोशीमठ | F63: 45446 | G63: 0.39236111 | H63: आग परसारी के समीप चेतु लाल के वाहन संख्याः यू0के011-6782 में लगी थी, तत्काल फायर सर्विस यूनिट जोशीमठ द्वारा आग को पूर्ण रूप से बुझाया गया | I63: सम्भवतः शार्ट सर्किट | J63: शॉर्ट सर्किट | K63: वाहन में | M63: 60000 | N63: 180000 | O63: - | P63: - | Q63: - | R63: - | S63: - | T63: -
B64: 1783 | C64: 16 | D64: चमोली | E64: जोशीमठ | F64: 45446 | G64: 0.42569444 | H64: महोदय आग चमोली रोड़ सेलंग गांव के समीप जंगल में लगी थी। फायर यूनिट जोशीमठ व वन विभाग कर्म0 द्वारा आग को पूर्ण रूप से बुझा दिया गया। | M64: 50000 | N64: 350000 | O64: - | P64: - | Q64: - | R64: - | S64: - | T64: -
B65: 2340 | C65: Rishikesh-2 | D65: देहरादून | E65: ऋषिकेश | F65: 45446 | I65: सम्भवतः शॉर्ट सर्किट | J65: शॉर्ट सर्किट
B66: 2341 | C66: Rishikesh-3 | D66: देहरादून | E66: ऋषिकेश | F66: 45446 | I66: सम्भवतः अज्ञात व्यक्ति द्वारा लापरवाही से धूम्रपान फेंकने से | J66: धूम्रपान
B67: 2342 | C67: Rishikesh-4 | D67: देहरादून | E67: ऋषिकेश | F67: 45446 | I67: सम्भवतः लापरवाही से धूम्रपान के फलस्वरूप | J67: धूम्रपान
B68: 2343 | C68: Rishikesh-5 | D68: देहरादून | E68: ऋषिकेश | F68: 45446 | I68: जलती हुई स्कूटी के अन्य वाहनों के सम्पर्क में आने के कारण
B69: 433 | C69: 9 | D69: देहरादून | E69: देहरादून | F69: 45446 | G69: 0.56458333 | H69: स्थल रोड देहरादून | I69: लापरवाही | J69: लापरवाही | K69: जंगल में | M69: 500000 | N69: 1500000 | O69: - | P69: - | Q69: - | R69: - | S69: - | T69: -
B70: 1950 | C70: 2 | D70: देहरादून | E70: विकासनगर | F70: 45446 | G70: 21ः15 | K70: महोदय आग कालसी में पंजिटीलानी गांव के निकट जगल में लगी थी, जो ग्रामीण क्षेत्र की ओर तेजी से फैल रही थी, जिसे फायर सर्विस यूनिट ने वाहन से पंम्पिग कर आग को पूर्ण रूप से बुझाया गया। आग से कोई जनहानि नही हुई है। (आग जगंल में लगी थी) आग की श्रेणी- ए-क्लास फायर | M70: 5000/- | N70: 4995000/- | O70: × | P70: × | Q70: × | R70: × | S70: × | T70: ×
B71: 1439 | C71: 5 | D71: हरिद्वार | E71: मायापुर | F71: 45446 | G71: 0.61736111 | H71: सप्तऋषि आश्रम, भूपतवाला, हरिद्वार। | I71: सम्भवतः किसी व्यक्ति द्वारा ध्रुमपान के कारण | J71: धूम्रपान | K71: आग खाली प्लाट में पडें कूडे एवं झाडियों आदि में लगी थी आग ए श्रेणी की थी। | L71: झाड़ियों में | M71: - | N71: 1,00,000/- | O71: - | P71: - | Q71: - | R71: - | S71: - | T71: -
B72: 2475 | C72: Mse-3 | D72: देहरादून | E72: मसूरी | F72: 45446 | G72: 0.85763889 | I72: अज्ञात | J72: जंगल | K72: जंगल में
B73: 987 | C73: 475 | D73: ऊधमसिंहनगर | E73: जसपुर | F73: 45447 | G73: 0.49305556 | H73: विधुत कार्यालय के पास भगवतपुर जसपुर | I73: धुम्रपान | J73: धूम्रपान | K73: कूड़े में | M73: शून्य | N73: 2ए00ए000 | O73: - | P73: - | Q73: - | R73: - | S73: - | T73: -
B74: 1029 | C74: 529 | D74: ऊधमसिंहनगर | E74: रूद्रपुर | F74: 45447 | G74: 0.22986111 | H74: पहाड़गंज रूद्रपुर | I74: सम्भवतः लापरवाही पूर्वक धूम्रपान | J74: धूम्रपान | K74: कूड़े के ढेर में | M74: शून्य | N74: शून्य | O74: - | P74: - | Q74: - | R74: - | S74: - | T74: -
B75: 342 | C75: 6 | D75: देहरादून | E75: देहरादून | F75: 45447 | G75: 0.42361111 | H75: सुभाश रोड देहरादून | I75: शॉर्ट सर्किट से | J75: शॉर्ट सर्किट | K75: कार्यालय | M75: 500000 | N75: 9500000 | O75: - | P75: - | Q75: - | R75: - | S75: - | T75: -
B76: 343 | C76: 7 | D76: देहरादून | E76: देहरादून | F76: 45447 | G76: 0.55763889 | H76: त्यागी रोड खाली प्लॉट | I76: लापरवाही | J76: लापरवाही | K76: खाली प्लॅाट | M76: 0 | N76: 50000 | O76: - | P76: - | Q76: - | R76: - | S76: - | T76: -
B77: 344 | C77: 8 | D77: देहरादून | E77: देहरादून | F77: 45447 | G77: 0.70208333 | H77: अन्नपूर्णा चाट भण्डार | I77: लापरवाही | J77: लापरवाही | K77: कूडे में | M77: 0 | N77: 1500000 | O77: - | P77: - | Q77: - | R77: - | S77: - | T77: -
B78: 1951 | C78: 3 | D78: देहरादून | E78: विकासनगर | F78: 45447 | G78: 07ः10 | K78: महोदय आग कालसी में पंजिटीलानी गांव के निकट जगल में लगी थी, जिसे फायर सर्विस यूनिट ने वाहन से पंम्पिग कर आग को पूर्ण रूप से बुझाया गया। आग से कोई जनहानि नही हुई है। (आग जगंल में लगी थी) आग की श्रेणी- ए-क्लास फायर | M78: 5000/- | N78: 995000/- | O78: × | P78: × | Q78: × | R78: × | S78: × | T78: ×
B79: 1952 | C79: 4 | D79: देहरादून | E79: विकासनगर | F79: 45447 | G79: 15ः42 | K79: महोदय आग कालसी में पंजिटीलानी गांव के निकट बांज के जगल में लगी थी, जो ग्रामीण क्षेत्र की ओर तेजी से फैल रही थी, जिसे फायर सर्विस यूनिट ने वाहन से पंम्पिग कर आग को पूर्ण रूप से बुझाया गया। आग से कोई जनहानि नही हुई है। (आग जगंल में लगी थी) आग की श्रेणी- ए-क्लास फायर | M79: 10000/- | N79: 4990000/- | O79: × | P79: × | Q79: × | R79: × | S79: × | T79: ×
B80: 1440 | C80: 6 | D80: हरिद्वार | E80: मायापुर | F80: 45447 | G80: 0.51388889 | H80: फान्ड्री गेट के सामाने सौर उर्जा प्लाट के पास बी.एल.ई,एल, हरिद्वार। | I80: सम्भवतः किसी राह चलते व्यक्ति द्वारा बीडी/सिगरेट फेकने के कारण | J80: धूम्रपान | K80: आग सौर उर्जा प्लाट के पास खाली प्लाट में घास एवं झाडियों आदि में लगी थी आग ए श्रेणी की थी। | L80: झाड़ियों में | M80: - | N80: 1,00,00,000/- | O80: - | P80: - | Q80: - | R80: - | S80: - | T80: -
B81: 2476 | C81: Mse-4 | D81: देहरादून | E81: मसूरी | F81: 45447 | G81: 0.63541667 | I81: - | J81: जंगल | K81: जंगल में
B82: 2504 | C82: sqi-3 | F82: 45447
B83: 2505 | C83: sqi-4 | F83: 45447
B84: 2319 | C84: 42 | D84: उत्तरकाशी | E84: नौगांव (बडकोट) | F84: 45448 | G84: 0.54305556 | H84: थाना मोरी से चालक राकेश कण्डारी के मोबाईल पर ग्राम नासना थाना मोरी के निकट जंगल में आग लगने की सूचना प्राप्त हुई जो बडी तेजी से आवासीय बस्ती की और बढ रही है। उक्त सूचना पर त्वरित कार्यवाही करते हुयें फायर यूनिट मेारी घटना स्थल हेतु रवना हुई तथा घटना स्थल पर पहुॅच कर मो0फ0ई0 से हौज रील फैलाकर आग को बुझाना आरम्भ किया गया एवं आग को आवासीय बस्ती की और आने से रोका गया तथा कडी महनत कर व लगातार पानी का छिडकाव कर आग को पूर्ण रूप से बुझा दिया गया। उक्त आग में स्थानिय लोगो के फल दार वृक्ष जल कर नष्ट हो गये अन्य किसी भी प्रकार की कोई जन हानि नही हुई है। | M84: 1,00,000/- | N84: 19,50,000/- | O84: - | P84: - | Q84: - | R84: - | S84: - | T84: -
B85: 2320 | C85: 43 | D85: उत्तरकाशी | E85: नौगांव (बडकोट) | F85: 45448 | G85: 0.63819444 | H85: थाना मोरी से चालक राकेश कण्डारी के मोबाईल पर कस्बा नेटवाड थाना मोरी के निकट जंगल में आग लगने की सूचना प्राप्त हुई जो बडी तेजी से आवासीय बस्ती की और बढ रही है। उक्त सूचना पर त्वरित कार्यवाही करते हुयें फायर यूनिट मेारी घटना स्थल हेतु रवना हुई तथा घटना स्थल पर पहुॅच कर मो0फ0ई0 से हौज रील फैलाकर आग को बुझाना आरम्भ किया गया एवं आग को आवासीय बस्ती की और आने से रोका गया तथा कडी महनत कर व लगातार पानी का छिडकाव कर आग को पूर्ण रूप से बुझा दिया गया। उक्त आग में चीड के 4-5 सुखे वृक्ष जल कर नष्ट हो गये अन्य किसी भी प्रकार की कोई जन हानि नही हुई है। | M85: 1,00,000/- | N85: 49,00,000/- | O85: - | P85: - | Q85: - | R85: - | S85: - | T85: -
B86: 1014 | C86: 513 | D86: ऊधमसिंहनगर | E86: खटीमा | F86: 45448 | G86: 0.48472222 | H86: बाजार चौकी | I86: आतिशबाजी से | J86: आतिशबाजी | K86: झाड़ियों में | M86: 5000 | N86: 45000 | O86: - | P86: - | Q86: - | R86: - | S86: - | T86: -
B87: 1030 | C87: 530 | D87: ऊधमसिंहनगर | E87: रूद्रपुर | F87: 45448 | G87: 0.53333333 | H87: सूपर गैस एजेन्सी फुलसुंगी रूद्रपुर के निकट | I87: सम्भवतः लापरवाही पूर्वक धूमप्रान | J87: धूम्रपान | K87: खाली प्लाट में | M87: शून्य | N87: शून्य | O87: - | P87: - | Q87: - | R87: - | S87: - | T87: -
B88: 345 | C88: 9 | D88: देहरादून | E88: देहरादून | F88: 45448 | G88: 0.20069444 | H88: बन्नू सकूल के पास | I88: लापरवाही | J88: लापरवाही | K88: कूडे में | M88: 0 | N88: 5000000 | O88: - | P88: - | Q88: - | R88: - | S88: - | T88: -
B89: 346 | C89: 10 | D89: देहरादून | E89: देहरादून | F89: 45448 | G89: 0.46180556 | H89: डी0एल0रोड देहरादून | I89: लापरवाही | J89: लापरवाही | K89: खाली प्लाट में | M89: 0 | N89: 2000000 | O89: - | P89: - | Q89: - | R89: - | S89: - | T89: -
B90: 347 | C90: 11 | D90: देहरादून | E90: देहरादून | F90: 45448 | G90: 0.67222222 | H90: एस्लेहॉल के पास | I90: शॉर्ट सर्किट से | J90: शॉर्ट सर्किट | K90: बिजली के पोल | M90: 0 | N90: 0
B91: 348 | C91: 12 | D91: देहरादून | E91: देहरादून | F91: 45448 | G91: 0.77361111 | H91: एम0के0पी0 कालेज के पास | I91: शॉर्ट सर्किट से | J91: शॉर्ट सर्किट | K91: बिजली के पोल | M91: 50000 | N91: 150000 | O91: - | P91: - | Q91: - | R91: - | S91: - | T91: -
B92: 349 | C92: 13 | D92: देहरादून | E92: देहरादून | F92: 45448 | G92: 0.97013889 | H92: मोहकमपुर घर में | I92: मध्य मार्ग | J92: आधे रास्ते | K92: घर में | L92: घर | M92: 0 | N92: 0 | O92: - | P92: - | Q92: - | R92: - | S92: - | T92: -
B93: 2247 | C93: 270 | D93: पौड़ी गढ़वाल | E93: कोटद्वार | F93: 45448 | G93: 20:10 बजे | H93: महोदय, मैसर्स पैराडाईज रिजोट, फतेहपुर लैन्सडोन रोड़ के पास जंगल में आग लगी थी जो रिजोर्ट की और बड़ रही थी जिसे फायर सर्विस यूनिट के द्वारा मोटर फायर इंजन से होजरील निकालकर पम्पिंग कर कड़ी मशक्त कर आग को पूर्ण रूप से बुझाया गय।, आग से कोई जनहानि नही हुई। | M93: 1000 | N93: 999000 | O93: - | P93: - | Q93: - | R93: - | S93: - | T93: -
B94: 1441 | C94: 7 | D94: हरिद्वार | E94: मायापुर | F94: 45448 | G94: 0.79722222 | H94: ज्ञानलोक कॉलोनी कलखल, हरिद्वार। | I94: सम्भवतः किसी राहगीर व्यक्ति द्वारा ध्रुमपान कर फेक देने के कारण | J94: धूम्रपान | K94: आग खाली प्लाट के घास एवं झाडियों आदि में लगी थी आग ए श्रेणी की थी। | L94: झाड़ियों में | M94: - | N94: 15,00,000/- | O94: - | P94: - | Q94: - | R94: - | S94: - | T94: -
B95: 1442 | C95: 8 | D95: हरिद्वार | E95: मायापुर | F95: 45448 | G95: 0.87986111 | H95: पतंजलि फेस-1 के पीछे बहादराबाद, हरिद्वार। | I95: सम्भवतः किसी राहगीर व्यक्ति द्वारा ध्रुमपान कर फेक देना | J95: धूम्रपान | K95: आग कूडे के ढेर एवं घास आदि में लगी थी आग ए श्रेणी की थी। | L95: कूड़ें में | M95: - | N95: 8,00,000/- | O95: - | P95: - | Q95: - | R95: - | S95: - | T95: -
B96: 1508 | C96: 74 | D96: हरिद्वार | E96: सिडकुल | F96: 45448 | G96: 0.54861111 | H96: ग्राम बंदरजूड बुग्गावाला | I96: अज्ञात | J96: अज्ञात | K96: भूसे केढेर में | M96: 12000 | N96: 15000 | O96: NIL | P96: NIL | Q96: NIL | R96: NIL | S96: NIL | T96: NIL
B97: 996 | C97: 484 | D97: ऊधमसिंहनगर | E97: काशीपुर | F97: 45449 | G97: 0.086111111 | H97: दारा काहलो सर्विस सेन्टर बाजपुर बस अड्डा नियर आवास विकास काशीपुर | I97: सम्भवतः विद्युत शॉर्ट सर्किट के द्वारा। | J97: शॉर्ट सर्किट | K97: दुकान मे | M97: 10000 | N97: 990000 | O97: - | P97: - | Q97: - | R97: - | S97: - | T97: -
B98: 1778 | C98: 15 | D98: चमोली | E98: जोशीमठ | F98: 45449 | G98: 0.80902778 | H98: आग नगर पालिका जोशीमठ के कूड़ा डम्पिंग जोन में लगी थी तत्काल फायर सर्विस यूनिट द्वारा मिनी हाईप्रेशर पम्प की सहायता से होजरील के माध्यम से आग पर पम्पिंग कर पानी फेंका गया व आग को पूर्ण रूप से बुझाया गया। | I98: अज्ञात | J98: अज्ञात | K98: कूड़ा डम्पिंग जोन में | M98: 2000 | N98: 48000 | O98: - | P98: - | Q98: - | R98: - | S98: - | T98: -
B99: 2344 | C99: Rishikesh-6 | D99: देहरादून | E99: ऋषिकेश | F99: 45449 | I99: सम्भवतः अज्ञात व्यक्ति द्वारा लापरवाही से धूम्रपान फेंकने से | J99: धूम्रपान
B100: 434 | C100: 10 | D100: देहरादून | E100: देहरादून | F100: 45449 | G100: 0.52430556 | H100: सिनौला गॉव के पास | I100: लापरवाही | J100: लापरवाही | K100: जंगल में | M100: 50000 | N100: 950000 | O100: - | P100: - | Q100: - | R100: - | S100: - | T100: -
B101: 2046 | C101: 69 | D101: पौड़ी गढ़वाल | E101: पौड़ी | F101: 45449 | G101: 04:12 बजे | H101: आग श्रीनगर रोड़, पर डोब श्रीकोट नर्सिंग कॉलेज के समीप जंगल में लगी थी जो नर्सिंग कॉलेज के कैमपस में पहुॅचने वाली थी जिसको मोटर फायर ईंजन से 01 अदद होजरील फैलाकर आग को पूर्णरूप से बुझाया। | M101: 1000 | N101: 4999000 | O101: - | P101: - | Q101: - | R101: - | S101: - | T101: -
...

Sheet Sheet2
C2: फायर कॉल -2024
C4: क्र0सं0 | D4: जनपद | E4: फायर स्टेशन | F4: जनवरी | H4: फरवरी | J4: मार्च | L4: अप्रैल | N4: मई | P4: जून | R4: जुलाई | T4: अगस्त | V4: सितम्बर | X4: अक्टूबर | Z4: नवम्बर | AB4: दिसम्बर | AD4: योग
C5: 1 | D5: Dehradun | E5: देहरादून | F5: =COUNTIFS(Table1[(जिस फायर स्टेशन क्षेत्रार्न्तागत अग्निकाण्ड हुआ हो)],Sheet2!E5,Table1[अग्निकाण्ड का दिनांक],">="&DATE(2024,1,1), Table1[अग्निकाण्ड का दिनांक],"<="&EOMONTH(DATE(2024,1,1),0)) -> 0 | G5: 36 | H5: =COUNTIFS(Table1[(जिस फायर स्टेशन क्षेत्रार्न्तागत अग्निकाण्ड हुआ हो)],Sheet2!E5,Table1[अग्निकाण्ड का दिनांक],">="&DATE(2024,2,1), Table1[अग्निकाण्ड का दिनांक],"<="&EOMONTH(DATE(2024,2,1),0)) -> 0 | I5: 24 | J5: =COUNTIFS(Table1[(जिस फायर स्टेशन क्षेत्रार्न्तागत अग्निकाण्ड हुआ हो)],Sheet2!E5,Table1[अग्निकाण्ड का दिनांक],">="&DATE(2024,3,1), Table1[अग्निकाण्ड का दिनांक],"<="&EOMONTH(DATE(2024,3,1),0)) -> 0 | K5: 34 | L5: =COUNTIFS(Table1[(जिस फायर स्टेशन क्षेत्रार्न्तागत अग्निकाण्ड हुआ हो)],Sheet2!E5,Table1[अग्निकाण्ड का दिनांक],">="&DATE(2024,4,1), Table1[अग्निकाण्ड का दिनांक],"<="&EOMONTH(DATE(2024,4,1),0)) -> 0 | M5: 116 | N5: =COUNTIFS(Table1[(जिस फायर स्टेशन क्षेत्रार्न्तागत अग्निकाण्ड हुआ हो)],Sheet2!E5,Table1[अग्निकाण्ड का दिनांक],">="&DATE(2024,5,1), Table1[अग्निकाण्ड का दिनांक],"<="&EOMONTH(DATE(2024,5,1),0)) -> 0 | O5: 133 | P5: =COUNTIFS(Table1[(जिस फायर स्टेशन क्षेत्रार्न्तागत अग्निकाण्ड हुआ हो)],Sheet2!E5,Table1[अग्निकाण्ड का दिनांक],">="&DATE(2024,6,1), Table1[अग्निकाण्ड का दिनांक],"<="&EOMONTH(DATE(2024,6,1),0)) -> 119 | Q5: 119 | R5: =COUNTIFS(Table1[(जिस फायर स्टेशन क्षेत्रार्न्तागत अग्निकाण्ड हुआ हो)],Sheet2!E5,Table1[अग्निकाण्ड का दिनांक],">="&DATE(2024,7,1), Table1[अग्निकाण्ड का दिनांक],"<="&EOMONTH(DATE(2024,7,1),0)) -> 0 | S5: 17 | T5: =COUNTIFS(Table1[(जिस फायर स्टेशन क्षेत्रार्न्तागत अग्निकाण्ड हुआ हो)],Sheet2!E5,Table1[अग्निकाण्ड का दिनांक],">="&DATE(2024,8,1), Table1[अग्निकाण्ड का दिनांक],"<="&EOMONTH(DATE(2024,8,1),0)) -> 0 | U5: 11 | V5: =COUNTIFS(Table1[(जिस फायर स्टेशन क्षेत्रार्न्तागत अग्निकाण्ड हुआ हो)],Sheet2!E5,Table1[अग्निकाण्ड का दिनांक],">="&DATE(2024,9,1), Table1[अग्निकाण्ड का दिनांक],"<="&EOMONTH(DATE(2024,9,1),0)) -> 0 | W5: 15 | X5: =COUNTIFS(Table1[(जिस फायर स्टेशन क्षेत्रार्न्तागत अग्निकाण्ड हुआ हो)],Sheet2!E5,Table1[अग्निकाण्ड का दिनांक],">="&DATE(2024,10,1), Table1[अग्निकाण्ड का दिनांक],"<="&EOMONTH(DATE(2024,10,1),0)) -> 0 | Y5: 31 | Z5: =COUNTIFS(Table1[(जिस फायर स्टेशन क्षेत्रार्न्तागत अग्निकाण्ड हुआ हो)],Sheet2!E5,Table1[अग्निकाण्ड का दिनांक],">="&DATE(2024,11,1), Table1[अग्निकाण्ड का दिनांक],"<="&EOMONTH(DATE(2024,11,1),0)) -> 0 | AA5: 33 | AB5: =COUNTIFS(Table1[(जिस फायर स्टेशन क्षेत्रार्न्तागत अग्निकाण्ड हुआ हो)],Sheet2!E5,Table1[अग्निकाण्ड का दिनांक],">="&DATE(2024,12,1), Table1[अग्निकाण्ड का दिनांक],"<="&EOMONTH(DATE(2024,12,1),0)) -> 0 | AC5: 30 | AD5: =F5+H5+J5+L5+N5+P5+R5+T5+V5+X5+Z5+AB5 -> 119 | AE5: =G5+I5+K5+M5+O5+Q5+S5+U5+W5+Y5+AA5+AC5 -> 599
C6: 2 | E6: ऋषिकेश | F6: =COUNTIFS(Table1[(जिस फायर स्टेशन क्षेत्रार्न्तागत अग्निकाण्ड हुआ हो)],Sheet2!E6,Table1[अग्निकाण्ड का दिनांक],">="&DATE(2024,1,1), Table1[अग्निकाण्ड का दिनांक],"<="&EOMONTH(DATE(2024,1,1),0)) -> 0 | G6: 6 | H6: =COUNTIFS(Table1[(जिस फायर स्टेशन क्षेत्रार्न्तागत अग्निकाण्ड हुआ हो)],Sheet2!E6,Table1[अग्निकाण्ड का दिनांक],">="&DATE(2024,2,1), Table1[अग्निकाण्ड का दिनांक],"<="&EOMONTH(DATE(2024,2,1),0)) -> 0 | I6: 5 | J6: =COUNTIFS(Table1[(जिस फायर स्टेशन क्षेत्रार्न्तागत अग्निकाण्ड हुआ हो)],Sheet2!E6,Table1[अग्निकाण्ड का दिनांक],">="&DATE(2024,3,1), Table1[अग्निकाण्ड का दिनांक],"<="&EOMONTH(DATE(2024,3,1),0)) -> 0 | K6: 7 | L6: =COUNTIFS(Table1[(जिस फायर स्टेशन क्षेत्रार्न्तागत अग्निकाण्ड हुआ हो)],Sheet2!E6,Table1[अग्निकाण्ड का दिनांक],">="&DATE(2024,4,1), Table1[अग्निकाण्ड का दिनांक],"<="&EOMONTH(DATE(2024,4,1),0)) -> 0 | M6: 21 | N6: =COUNTIFS(Table1[(जिस फायर स्टेशन क्षेत्रार्न्तागत अग्निकाण्ड हुआ हो)],Sheet2!E6,Table1[अग्निकाण्ड का दिनांक],">="&DATE(2024,5,1), Table1[अग्निकाण्ड का दिनांक],"<="&EOMONTH(DATE(2024,5,1),0)) -> 0 | O6: 30 | P6: =COUNTIFS(Table1[(जिस फायर स्टेशन क्षेत्रार्न्तागत अग्निकाण्ड हुआ हो)],Sheet2!E6,Table1[अग्निकाण्ड का दिनांक],">="&DATE(2024,6,1), Table1[अग्निकाण्ड का दिनांक],"<="&EOMONTH(DATE(2024,6,1),0)) -> 26 | Q6: 26 | R6: =COUNTIFS(Table1[(जिस फायर स्टेशन क्षेत्रार्न्तागत अग्निकाण्ड हुआ हो)],Sheet2!E6,Table1[अग्निकाण्ड का दिनांक],">="&DATE(2024,7,1), Table1[अग्निकाण्ड का दिनांक],"<="&EOMONTH(DATE(2024,7,1),0)) -> 0 | S6: 7 | T6: =COUNTIFS(Table1[(जिस फायर स्टेशन क्षेत्रार्न्तागत अग्निकाण्ड हुआ हो)],Sheet2!E6,Table1[अग्निकाण्ड का दिनांक],">="&DATE(2024,8,1), Table1[अग्निकाण्ड का दिनांक],"<="&EOMONTH(DATE(2024,8,1),0)) -> 0 | U6: 3 | V6: =COUNTIFS(Table1[(जिस फायर स्टेशन क्षेत्रार्न्तागत अग्निकाण्ड हुआ हो)],Sheet2!E6,Table1[अग्निकाण्ड का दिनांक],">="&DATE(2024,9,1), Table1[अग्निकाण्ड का दिनांक],"<="&EOMONTH(DATE(2024,9,1),0)) -> 0 | W6: 2 | X6: =COUNTIFS(Table1[(जिस फायर स्टेशन क्षेत्रार्न्तागत अग्निकाण्ड हुआ हो)],Sheet2!E6,Table1[अग्निकाण्ड का दिनांक],">="&DATE(2024,10,1), Table1[अग्निकाण्ड का दिनांक],"<="&EOMONTH(DATE(2024,10,1),0)) -> 0 | Y6: 11 | Z6: =COUNTIFS(Table1[(जिस फायर स्टेशन क्षेत्रार्न्तागत अग्निकाण्ड हुआ हो)],Sheet2!E6,Table1[अग्निकाण्ड का दिनांक],">="&DATE(2024,11,1), Table1[अग्निकाण्ड का दिनांक],"<="&EOMONTH(DATE(2024,11,1),0)) -> 0 | AA6: 7 | AB6: =COUNTIFS(Table1[(जिस फायर स्टेशन क्षेत्रार्न्तागत अग्निकाण्ड हुआ हो)],Sheet2!E6,Table1[अग्निकाण्ड का दिनांक],">="&DATE(2024,12,1), Table1[अग्निकाण्ड का दिनांक],"<="&EOMONTH(DATE(2024,12,1),0)) -> 0 | AC6: 9 | AD6: =F6+H6+J6+L6+N6+P6+R6+T6+V6+X6+Z6+AB6 -> 26 | AE6: =G6+I6+K6+M6+O6+Q6+S6+U6+W6+Y6+AA6+AC6 -> 134
C7: 3 | E7: मसूरी | F7: =COUNTIFS(Table1[(जिस फायर स्टेशन क्षेत्रार्न्तागत अग्निकाण्ड हुआ हो)],Sheet2!E7,Table1[अग्निकाण्ड का दिनांक],">="&DATE(2024,1,1), Table1[अग्निकाण्ड का दिनांक],"<="&EOMONTH(DATE(2024,1,1),0)) -> 0 | G7: 5 | H7: =COUNTIFS(Table1[(जिस फायर स्टेशन क्षेत्रार्न्तागत अग्निकाण्ड हुआ हो)],Sheet2!E7,Table1[अग्निकाण्ड का दिनांक],">="&DATE(2024,2,1), Table1[अग्निकाण्ड का दिनांक],"<="&EOMONTH(DATE(2024,2,1),0)) -> 0 | I7: 0 | J7: =COUNTIFS(Table1[(जिस फायर स्टेशन क्षेत्रार्न्तागत अग्निकाण्ड हुआ हो)],Sheet2!E7,Table1[अग्निकाण्ड का दिनांक],">="&DATE(2024,3,1), Table1[अग्निकाण्ड का दिनांक],"<="&EOMONTH(DATE(2024,3,1),0)) -> 0 | K7: 0 | L7: =COUNTIFS(Table1[(जिस फायर स्टेशन क्षेत्रार्न्तागत अग्निकाण्ड हुआ हो)],Sheet2!E7,Table1[अग्निकाण्ड का दिनांक],">="&DATE(2024,4,1), Table1[अग्निकाण्ड का दिनांक],"<="&EOMONTH(DATE(2024,4,1),0)) -> 0 | M7: 5 | N7: =COUNTIFS(Table1[(जिस फायर स्टेशन क्षेत्रार्न्तागत अग्निकाण्ड हुआ हो)],Sheet2!E7,Table1[अग्निकाण्ड का दिनांक],">="&DATE(2024,5,1), Table1[अग्निकाण्ड का दिनांक],"<="&EOMONTH(DATE(2024,5,1),0)) -> 0 | O7: 9 | P7: =COUNTIFS(Table1[(जिस फायर स्टेशन क्षेत्रार्न्तागत अग्निकाण्ड हुआ हो)],Sheet2!E7,Table1[अग्निकाण्ड का दिनांक],">="&DATE(2024,6,1), Table1[अग्निकाण्ड का दिनांक],"<="&EOMONTH(DATE(2024,6,1),0)) -> 6 | Q7: 6 | R7: =COUNTIFS(Table1[(जिस फायर स्टेशन क्षेत्रार्न्तागत अग्निकाण्ड हुआ हो)],Sheet2!E7,Table1[अग्निकाण्ड का दिनांक],">="&DATE(2024,7,1), Table1[अग्निकाण्ड का दिनांक],"<="&EOMONTH(DATE(2024,7,1),0)) -> 0 | S7: 0 | T7: =COUNTIFS(Table1[(जिस फायर स्टेशन क्षेत्रार्न्तागत अग्निकाण्ड हुआ हो)],Sheet2!E7,Table1[अग्निकाण्ड का दिनांक],">="&DATE(2024,8,1), Table1[अग्निकाण्ड का दिनांक],"<="&EOMONTH(DATE(2024,8,1),0)) -> 0 | U7: 0 | V7: =COUNTIFS(Table1[(जिस फायर स्टेशन क्षेत्रार्न्तागत अग्निकाण्ड हुआ हो)],Sheet2!E7,Table1[अग्निकाण्ड का दिनांक],">="&DATE(2024,9,1), Table1[अग्निकाण्ड का दिनांक],"<="&EOMONTH(DATE(2024,9,1),0)) -> 0 | W7: 0 | X7: =COUNTIFS(Table1[(जिस फायर स्टेशन क्षेत्रार्न्तागत अग्निकाण्ड हुआ हो)],Sheet2!E7,Table1[अग्निकाण्ड का दिनांक],">="&DATE(2024,10,1), Table1[अग्निकाण्ड का दिनांक],"<="&EOMONTH(DATE(2024,10,1),0)) -> 0 | Y7: 0 | Z7: =COUNTIFS(Table1[(जिस फायर स्टेशन क्षेत्रार्न्तागत अग्निकाण्ड हुआ हो)],Sheet2!E7,Table1[अग्निकाण्ड का दिनांक],">="&DATE(2024,11,1), Table1[अग्निकाण्ड का दिनांक],"<="&EOMONTH(DATE(2024,11,1),0)) -> 0 | AA7: 1 | AB7: =COUNTIFS(Table1[(जिस फायर स्टेशन क्षेत्रार्न्तागत अग्निकाण्ड हुआ हो)],Sheet2!E7,Table1[अग्निकाण्ड का दिनांक],">="&DATE(2024,12,1), Table1[अग्निकाण्ड का दिनांक],"<="&EOMONTH(DATE(2024,12,1),0)) -> 0 | AC7: 3 | AD7: =F7+H7+J7+L7+N7+P7+R7+T7+V7+X7+Z7+AB7 -> 6 | AE7: =G7+I7+K7+M7+O7+Q7+S7+U7+W7+Y7+AA7+AC7 -> 29
C8: 4 | E8: विकासनगर | F8: =COUNTIFS(Table1[(जिस फायर स्टेशन क्षेत्रार्न्तागत अग्निकाण्ड हुआ हो)],Sheet2!E8,Table1[अग्निकाण्ड का दिनांक],">="&DATE(2024,1,1), Table1[अग्निकाण्ड का दिनांक],"<="&EOMONTH(DATE(2024,1,1),0)) -> 0 | G8: 2 | H8: =COUNTIFS(Table1[(जिस फायर स्टेशन क्षेत्रार्न्तागत अग्निकाण्ड हुआ हो)],Sheet2!E8,Table1[अग्निकाण्ड का दिनांक],">="&DATE(2024,2,1), Table1[अग्निकाण्ड का दिनांक],"<="&EOMONTH(DATE(2024,2,1),0)) -> 0 | I8: 1 | J8: =COUNTIFS(Table1[(जिस फायर स्टेशन क्षेत्रार्न्तागत अग्निकाण्ड हुआ हो)],Sheet2!E8,Table1[अग्निकाण्ड का दिनांक],">="&DATE(2024,3,1), Table1[अग्निकाण्ड का दिनांक],"<="&EOMONTH(DATE(2024,3,1),0)) -> 0 | K8: 4 | L8: =COUNTIFS(Table1[(जिस फायर स्टेशन क्षेत्रार्न्तागत अग्निकाण्ड हुआ हो)],Sheet2!E8,Table1[अग्निकाण्ड का दिनांक],">="&DATE(2024,4,1), Table1[अग्निकाण्ड का दिनांक],"<="&EOMONTH(DATE(2024,4,1),0)) -> 0 | M8: 10 | N8: =COUNTIFS(Table1[(जिस फायर स्टेशन क्षेत्रार्न्तागत अग्निकाण्ड हुआ हो)],Sheet2!E8,Table1[अग्निकाण्ड का दिनांक],">="&DATE(2024,5,1), Table1[अग्निकाण्ड का दिनांक],"<="&EOMONTH(DATE(2024,5,1),0)) -> 0 | O8: 26 | P8: =COUNTIFS(Table1[(जिस फायर स्टेशन क्षेत्रार्न्तागत अग्निकाण्ड हुआ हो)],Sheet2!E8,Table1[अग्निकाण्ड का दिनांक],">="&DATE(2024,6,1), Table1[अग्निकाण्ड का दिनांक],"<="&EOMONTH(DATE(2024,6,1),0)) -> 11 | Q8: 11 | R8: =COUNTIFS(Table1[(जिस फायर स्टेशन क्षेत्रार्न्तागत अग्निकाण्ड हुआ हो)],Sheet2!E8,Table1[अग्निकाण्ड का दिनांक],">="&DATE(2024,7,1), Table1[अग्निकाण्ड का दिनांक],"<="&EOMONTH(DATE(2024,7,1),0)) -> 0 | S8: 0 | T8: =COUNTIFS(Table1[(जिस फायर स्टेशन क्षेत्रार्न्तागत अग्निकाण्ड हुआ हो)],Sheet2!E8,Table1[अग्निकाण्ड का दिनांक],">="&DATE(2024,8,1), Table1[अग्निकाण्ड का दिनांक],"<="&EOMONTH(DATE(2024,8,1),0)) -> 0 | U8: 1 | V8: =COUNTIFS(Table1[(जिस फायर स्टेशन क्षेत्रार्न्तागत अग्निकाण्ड हुआ हो)],Sheet2!E8,Table1[अग्निकाण्ड का दिनांक],">="&DATE(2024,9,1), Table1[अग्निकाण्ड का दिनांक],"<="&EOMONTH(DATE(2024,9,1),0)) -> 0 | W8: 2 | X8: =COUNTIFS(Table1[(जिस फायर स्टेशन क्षेत्रार्न्तागत अग्निकाण्ड हुआ हो)],Sheet2!E8,Table1[अग्निकाण्ड का दिनांक],">="&DATE(2024,10,1), Table1[अग्निकाण्ड का दिनांक],"<="&EOMONTH(DATE(2024,10,1),0)) -> 0 | Y8: 1 | Z8: =COUNTIFS(Table1[(जिस फायर स्टेशन क्षेत्रार्न्तागत अग्निकाण्ड हुआ हो)],Sheet2!E8,Table1[अग्निकाण्ड का दिनांक],">="&DATE(2024,11,1), Table1[अग्निकाण्ड का दिनांक],"<="&EOMONTH(DATE(2024,11,1),0)) -> 0 | AA8: 7 | AB8: =COUNTIFS(Table1[(जिस फायर स्टेशन क्षेत्रार्न्तागत अग्निकाण्ड हुआ हो)],Sheet2!E8,Table1[अग्निकाण्ड का दिनांक],">="&DATE(2024,12,1), Table1[अग्निकाण्ड का दिनांक],"<="&EOMONTH(DATE(2024,12,1),0)) -> 0 | AC8: 6 | AD8: =F8+H8+J8+L8+N8+P8+R8+T8+V8+X8+Z8+AB8 -> 11 | AE8: =G8+I8+K8+M8+O8+Q8+S8+U8+W8+Y8+AA8+AC8 -> 71
C9: 5 | E9: सेलाकुई | F9: =COUNTIFS(Table1[(जिस फायर स्टेशन क्षेत्रार्न्तागत अग्निकाण्ड हुआ हो)],Sheet2!E9,Table1[अग्निकाण्ड का दिनांक],">="&DATE(2024,1,1), Table1[अग्निकाण्ड का दिनांक],"<="&EOMONTH(DATE(2024,1,1),0)) -> 0 | G9: 5 | H9: =COUNTIFS(Table1[(जिस फायर स्टेशन क्षेत्रार्न्तागत अग्निकाण्ड हुआ हो)],Sheet2!E9,Table1[अग्निकाण्ड का दिनांक],">="&DATE(2024,2,1), Table1[अग्निकाण्ड का दिनांक],"<="&EOMONTH(DATE(2024,2,1),0)) -> 0 | I9: 4 | J9: =COUNTIFS(Table1[(जिस फायर स्टेशन क्षेत्रार्न्तागत अग्निकाण्ड हुआ हो)],Sheet2!E9,Table1[अग्निकाण्ड का दिनांक],">="&DATE(2024,3,1), Table1[अग्निकाण्ड का दिनांक],"<="&EOMONTH(DATE(2024,3,1),0)) -> 0 | K9: 7 | L9: =COUNTIFS(Table1[(जिस फायर स्टेशन क्षेत्रार्न्तागत अग्निकाण्ड हुआ हो)],Sheet2!E9,Table1[अग्निकाण्ड का दिनांक],">="&DATE(2024,4,1), Table1[अग्निकाण्ड का दिनांक],"<="&EOMONTH(DATE(2024,4,1),0)) -> 0 | M9: 22 | N9: =COUNTIFS(Table1[(जिस फायर स्टेशन क्षेत्रार्न्तागत अग्निकाण्ड हुआ हो)],Sheet2!E9,Table1[अग्निकाण्ड का दिनांक],">="&DATE(2024,5,1), Table1[अग्निकाण्ड का दिनांक],"<="&EOMONTH(DATE(2024,5,1),0)) -> 0 | O9: 34 | P9: =COUNTIFS(Table1[(जिस फायर स्टेशन क्षेत्रार्न्तागत अग्निकाण्ड हुआ हो)],Sheet2!E9,Table1[अग्निकाण्ड का दिनांक],">="&DATE(2024,6,1), Table1[अग्निकाण्ड का दिनांक],"<="&EOMONTH(DATE(2024,6,1),0)) -> 1 | Q9: 30 | R9: =COUNTIFS(Table1[(जिस फायर स्टेशन क्षेत्रार्न्तागत अग्निकाण्ड हुआ हो)],Sheet2!E9,Table1[अग्निकाण्ड का दिनांक],">="&DATE(2024,7,1), Table1[अग्निकाण्ड का दिनांक],"<="&EOMONTH(DATE(2024,7,1),0)) -> 0 | S9: 1 | T9: =COUNTIFS(Table1[(जिस फायर स्टेशन क्षेत्रार्न्तागत अग्निकाण्ड हुआ हो)],Sheet2!E9,Table1[अग्निकाण्ड का दिनांक],">="&DATE(2024,8,1), Table1[अग्निकाण्ड का दिनांक],"<="&EOMONTH(DATE(2024,8,1),0)) -> 0 | U9: 2 | V9: =COUNTIFS(Table1[(जिस फायर स्टेशन क्षेत्रार्न्तागत अग्निकाण्ड हुआ हो)],Sheet2!E9,Table1[अग्निकाण्ड का दिनांक],">="&DATE(2024,9,1), Table1[अग्निकाण्ड का दिनांक],"<="&EOMONTH(DATE(2024,9,1),0)) -> 0 | W9: 2 | X9: =COUNTIFS(Table1[(जिस फायर स्टेशन क्षेत्रार्न्तागत अग्निकाण्ड हुआ हो)],Sheet2!E9,Table1[अग्निकाण्ड का दिनांक],">="&DATE(2024,10,1), Table1[अग्निकाण्ड का दिनांक],"<="&EOMONTH(DATE(2024,10,1),0)) -> 0 | Y9: 1 | Z9: =COUNTIFS(Table1[(जिस फायर स्टेशन क्षेत्रार्न्तागत अग्निकाण्ड हुआ हो)],Sheet2!E9,Table1[अग्निकाण्ड का दिनांक],">="&DATE(2024,11,1), Table1[अग्निकाण्ड का दिनांक],"<="&EOMONTH(DATE(2024,11,1),0)) -> 0 | AA9: 1 | AB9: =COUNTIFS(Table1[(जिस फायर स्टेशन क्षेत्रार्न्तागत अग्निकाण्ड हुआ हो)],Sheet2!E9,Table1[अग्निकाण्ड का दिनांक],">="&DATE(2024,12,1), Table1[अग्निकाण्ड का दिनांक],"<="&EOMONTH(DATE(2024,12,1),0)) -> 0 | AC9: 4 | AD9: =F9+H9+J9+L9+N9+P9+R9+T9+V9+X9+Z9+AB9 -> 1 | AE9: =G9+I9+K9+M9+O9+Q9+S9+U9+W9+Y9+AA9+AC9 -> 113
C10: 6 | E10: डोईवाला | F10: =COUNTIFS(Table1[(जिस फायर स्टेशन क्षेत्रार्न्तागत अग्निकाण्ड हुआ हो)],Sheet2!E10,Table1[अग्निकाण्ड का दिनांक],">="&DATE(2024,1,1), Table1[अग्निकाण्ड का दिनांक],"<="&EOMONTH(DATE(2024,1,1),0)) -> 0 | G10: 1 | H10: =COUNTIFS(Table1[(जिस फायर स्टेशन क्षेत्रार्न्तागत अग्निकाण्ड हुआ हो)],Sheet2!E10,Table1[अग्निकाण्ड का दिनांक],">="&DATE(2024,2,1), Table1[अग्निकाण्ड का दिनांक],"<="&EOMONTH(DATE(2024,2,1),0)) -> 0 | I10: 1 | J10: =COUNTIFS(Table1[(जिस फायर स्टेशन क्षेत्रार्न्तागत अग्निकाण्ड हुआ हो)],Sheet2!E10,Table1[अग्निकाण्ड का दिनांक],">="&DATE(2024,3,1), Table1[अग्निकाण्ड का दिनांक],"<="&EOMONTH(DATE(2024,3,1),0)) -> 0 | K10: 3 | L10: =COUNTIFS(Table1[(जिस फायर स्टेशन क्षेत्रार्न्तागत अग्निकाण्ड हुआ हो)],Sheet2!E10,Table1[अग्निकाण्ड का दिनांक],">="&DATE(2024,4,1), Table1[अग्निकाण्ड का दिनांक],"<="&EOMONTH(DATE(2024,4,1),0)) -> 0 | M10: 3 | N10: =COUNTIFS(Table1[(जिस फायर स्टेशन क्षेत्रार्न्तागत अग्निकाण्ड हुआ हो)],Sheet2!E10,Table1[अग्निकाण्ड का दिनांक],">="&DATE(2024,5,1), Table1[अग्निकाण्ड का दिनांक],"<="&EOMONTH(DATE(2024,5,1),0)) -> 0 | O10: 7 | P10: =COUNTIFS(Table1[(जिस फायर स्टेशन क्षेत्रार्न्तागत अग्निकाण्ड हुआ हो)],Sheet2!E10,Table1[अग्निकाण्ड का दिनांक],">="&DATE(2024,6,1), Table1[अग्निकाण्ड का दिनांक],"<="&EOMONTH(DATE(2024,6,1),0)) -> 0 | Q10: 3 | R10: =COUNTIFS(Table1[(जिस फायर स्टेशन क्षेत्रार्न्तागत अग्निकाण्ड हुआ हो)],Sheet2!E10,Table1[अग्निकाण्ड का दिनांक],">="&DATE(2024,7,1), Table1[अग्निकाण्ड का दिनांक],"<="&EOMONTH(DATE(2024,7,1),0)) -> 0 | S10: 2 | T10: =COUNTIFS(Table1[(जिस फायर स्टेशन क्षेत्रार्न्तागत अग्निकाण्ड हुआ हो)],Sheet2!E10,Table1[अग्निकाण्ड का दिनांक],">="&DATE(2024,8,1), Table1[अग्निकाण्ड का दिनांक],"<="&EOMONTH(DATE(2024,8,1),0)) -> 0 | U10: 0 | V10: =COUNTIFS(Table1[(जिस फायर स्टेशन क्षेत्रार्न्तागत अग्निकाण्ड हुआ हो)],Sheet2!E10,Table1[अग्निकाण्ड का दिनांक],">="&DATE(2024,9,1), Table1[अग्निकाण्ड का दिनांक],"<="&EOMONTH(DATE(2024,9,1),0)) -> 0 | W10: 2 | X10: =COUNTIFS(Table1[(जिस फायर स्टेशन क्षेत्रार्न्तागत अग्निकाण्ड हुआ हो)],Sheet2!E10,Table1[अग्निकाण्ड का दिनांक],">="&DATE(2024,10,1), Table1[अग्निकाण्ड का दिनांक],"<="&EOMONTH(DATE(2024,10,1),0)) -> 0 | Y10: 4 | Z10: =COUNTIFS(Table1[(जिस फायर स्टेशन क्षेत्रार्न्तागत अग्निकाण्ड हुआ हो)],Sheet2!E10,Table1[अग्निकाण्ड का दिनांक],">="&DATE(2024,11,1), Table1[अग्निकाण्ड का दिनांक],"<="&EOMONTH(DATE(2024,11,1),0)) -> 0 | AA10: 5 | AB10: =COUNTIFS(Table1[(जिस फायर स्टेशन क्षेत्रार्न्तागत अग्निकाण्ड हुआ हो)],Sheet2!E10,Table1[अग्निकाण्ड का दिनांक],">="&DATE(2024,12,1), Table1[अग्निकाण्ड का दिनांक],"<="&EOMONTH(DATE(2024,12,1),0)) -> 0 | AC10: 1 | AD10: =F10+H10+J10+L10+N10+P10+R10+T10+V10+X10+Z10+AB10 -> 0 | AE10: =G10+I10+K10+M10+O10+Q10+S10+U10+W10+Y10+AA10+AC10 -> 32
C11: 7 | E11: त्यूनी | F11: =COUNTIFS(Table1[(जिस फायर स्टेशन क्षेत्रार्न्तागत अग्निकाण्ड हुआ हो)],Sheet2!E11,Table1[अग्निकाण्ड का दिनांक],">="&DATE(2024,1,1), Table1[अग्निकाण्ड का दिनांक],"<="&EOMONTH(DATE(2024,1,1),0)) -> 0 | G11: 1 | H11: =COUNTIFS(Table1[(जिस फायर स्टेशन क्षेत्रार्न्तागत अग्निकाण्ड हुआ हो)],Sheet2!E11,Table1[अग्निकाण्ड का दिनांक],">="&DATE(2024,2,1), Table1[अग्निकाण्ड का दिनांक],"<="&EOMONTH(DATE(2024,2,1),0)) -> 0 | I11: 0 | J11: =COUNTIFS(Table1[(जिस फायर स्टेशन क्षेत्रार्न्तागत अग्निकाण्ड हुआ हो)],Sheet2!E11,Table1[अग्निकाण्ड का दिनांक],">="&DATE(2024,3,1), Table1[अग्निकाण्ड का दिनांक],"<="&EOMONTH(DATE(2024,3,1),0)) -> 0 | K11: 0 | L11: =COUNTIFS(Table1[(जिस फायर स्टेशन क्षेत्रार्न्तागत अग्निकाण्ड हुआ हो)],Sheet2!E11,Table1[अग्निकाण्ड का दिनांक],">="&DATE(2024,4,1), Table1[अग्निकाण्ड का दिनांक],"<="&EOMONTH(DATE(2024,4,1),0)) -> 0 | M11: 1 | N11: =COUNTIFS(Table1[(जिस फायर स्टेशन क्षेत्रार्न्तागत अग्निकाण्ड हुआ हो)],Sheet2!E11,Table1[अग्निकाण्ड का दिनांक],">="&DATE(2024,5,1), Table1[अग्निकाण्ड का दिनांक],"<="&EOMONTH(DATE(2024,5,1),0)) -> 0 | O11: 4 | P11: =COUNTIFS(Table1[(जिस फायर स्टेशन क्षेत्रार्न्तागत अग्निकाण्ड हुआ हो)],Sheet2!E11,Table1[अग्निकाण्ड का दिनांक],">="&DATE(2024,6,1), Table1[अग्निकाण्ड का दिनांक],"<="&EOMONTH(DATE(2024,6,1),0)) -> 3 | Q11: 3 | R11: =COUNTIFS(Table1[(जिस फायर स्टेशन क्षेत्रार्न्तागत अग्निकाण्ड हुआ हो)],Sheet2!E11,Table1[अग्निकाण्ड का दिनांक],">="&DATE(2024,7,1), Table1[अग्निकाण्ड का दिनांक],"<="&EOMONTH(DATE(2024,7,1),0)) -> 0 | S11: 0 | T11: =COUNTIFS(Table1[(जिस फायर स्टेशन क्षेत्रार्न्तागत अग्निकाण्ड हुआ हो)],Sheet2!E11,Table1[अग्निकाण्ड का दिनांक],">="&DATE(2024,8,1), Table1[अग्निकाण्ड का दिनांक],"<="&EOMONTH(DATE(2024,8,1),0)) -> 0 | U11: 0 | V11: =COUNTIFS(Table1[(जिस फायर स्टेशन क्षेत्रार्न्तागत अग्निकाण्ड हुआ हो)],Sheet2!E11,Table1[अग्निकाण्ड का दिनांक],">="&DATE(2024,9,1), Table1[अग्निकाण्ड का दिनांक],"<="&EOMONTH(DATE(2024,9,1),0)) -> 0 | W11: 0 | X11: =COUNTIFS(Table1[(जिस फायर स्टेशन क्षेत्रार्न्तागत अग्निकाण्ड हुआ हो)],Sheet2!E11,Table1[अग्निकाण्ड का दिनांक],">="&DATE(2024,10,1), Table1[अग्निकाण्ड का दिनांक],"<="&EOMONTH(DATE(2024,10,1),0)) -> 0 | Y11: 0 | Z11: =COUNTIFS(Table1[(जिस फायर स्टेशन क्षेत्रार्न्तागत अग्निकाण्ड हुआ हो)],Sheet2!E11,Table1[अग्निकाण्ड का दिनांक],">="&DATE(2024,11,1), Table1[अग्निकाण्ड का दिनांक],"<="&EOMONTH(DATE(2024,11,1),0)) -> 0 | AA11: 0 | AB11: =COUNTIFS(Table1[(जिस फायर स्टेशन क्षेत्रार्न्तागत अग्निकाण्ड हुआ हो)],Sheet2!E11,Table1[अग्निकाण्ड का दिनांक],">="&DATE(2024,12,1), Table1[अग्निकाण्ड का दिनांक],"<="&EOMONTH(DATE(2024,12,1),0)) -> 0 | AC11: 0 | AD11: =F11+H11+J11+L11+N11+P11+R11+T11+V11+X11+Z11+AB11 -> 3 | AE11: =G11+I11+K11+M11+O11+Q11+S11+U11+W11+Y11+AA11+AC11 -> 9
C12: 8 | D12: Haridwar | E12: मायापुर | F12: =COUNTIFS(Table1[(जिस फायर स्टेशन क्षेत्रार्न्तागत अग्निकाण्ड हुआ हो)],Sheet2!E12,Table1[अग्निकाण्ड का दिनांक],">="&DATE(2024,1,1), Table1[अग्निकाण्ड का दिनांक],"<="&EOMONTH(DATE(2024,1,1),0)) -> 0 | G12: 11 | H12: =COUNTIFS(Table1[(जिस फायर स्टेशन क्षेत्रार्न्तागत अग्निकाण्ड हुआ हो)],Sheet2!E12,Table1[अग्निकाण्ड का दिनांक],">="&DATE(2024,2,1), Table1[अग्निकाण्ड का दिनांक],"<="&EOMONTH(DATE(2024,2,1),0)) -> 0 | I12: 11 | J12: =COUNTIFS(Table1[(जिस फायर स्टेशन क्षेत्रार्न्तागत अग्निकाण्ड हुआ हो)],Sheet2!E12,Table1[अग्निकाण्ड का दिनांक],">="&DATE(2024,3,1), Table1[अग्निकाण्ड का दिनांक],"<="&EOMONTH(DATE(2024,3,1),0)) -> 0 | K12: 13 | L12: =COUNTIFS(Table1[(जिस फायर स्टेशन क्षेत्रार्न्तागत अग्निकाण्ड हुआ हो)],Sheet2!E12,Table1[अग्निकाण्ड का दिनांक],">="&DATE(2024,4,1), Table1[अग्निकाण्ड का दिनांक],"<="&EOMONTH(DATE(2024,4,1),0)) -> 0 | M12: 30 | N12: =COUNTIFS(Table1[(जिस फायर स्टेशन क्षेत्रार्न्तागत अग्निकाण्ड हुआ हो)],Sheet2!E12,Table1[अग्निकाण्ड का दिनांक],">="&DATE(2024,5,1), Table1[अग्निकाण्ड का दिनांक],"<="&EOMONTH(DATE(2024,5,1),0)) -> 0 | O12: 48 | P12: =COUNTIFS(Table1[(जिस फायर स्टेशन क्षेत्रार्न्तागत अग्निकाण्ड हुआ हो)],Sheet2!E12,Table1[अग्निकाण्ड का दिनांक],">="&DATE(2024,6,1), Table1[अग्निकाण्ड का दिनांक],"<="&EOMONTH(DATE(2024,6,1),0)) -> 37 | Q12: 40 | R12: =COUNTIFS(Table1[(जिस फायर स्टेशन क्षेत्रार्न्तागत अग्निकाण्ड हुआ हो)],Sheet2!E12,Table1[अग्निकाण्ड का दिनांक],">="&DATE(2024,7,1), Table1[अग्निकाण्ड का दिनांक],"<="&EOMONTH(DATE(2024,7,1),0)) -> 0 | S12: 15 | T12: =COUNTIFS(Table1[(जिस फायर स्टेशन क्षेत्रार्न्तागत अग्निकाण्ड हुआ हो)],Sheet2!E12,Table1[अग्निकाण्ड का दिनांक],">="&DATE(2024,8,1), Table1[अग्निकाण्ड का दिनांक],"<="&EOMONTH(DATE(2024,8,1),0)) -> 0 | U12: 10 | V12: =COUNTIFS(Table1[(जिस फायर स्टेशन क्षेत्रार्न्तागत अग्निकाण्ड हुआ हो)],Sheet2!E12,Table1[अग्निकाण्ड का दिनांक],">="&DATE(2024,9,1), Table1[अग्निकाण्ड का दिनांक],"<="&EOMONTH(DATE(2024,9,1),0)) -> 0 | W12: 7 | X12: =COUNTIFS(Table1[(जिस फायर स्टेशन क्षेत्रार्न्तागत अग्निकाण्ड हुआ हो)],Sheet2!E12,Table1[अग्निकाण्ड का दिनांक],">="&DATE(2024,10,1), Table1[अग्निकाण्ड का दिनांक],"<="&EOMONTH(DATE(2024,10,1),0)) -> 0 | Y12: 16 | Z12: =COUNTIFS(Table1[(जिस फायर स्टेशन क्षेत्रार्न्तागत अग्निकाण्ड हुआ हो)],Sheet2!E12,Table1[अग्निकाण्ड का दिनांक],">="&DATE(2024,11,1), Table1[अग्निकाण्ड का दिनांक],"<="&EOMONTH(DATE(2024,11,1),0)) -> 0 | AA12: 19 | AB12: =COUNTIFS(Table1[(जिस फायर स्टेशन क्षेत्रार्न्तागत अग्निकाण्ड हुआ हो)],Sheet2!E12,Table1[अग्निकाण्ड का दिनांक],">="&DATE(2024,12,1), Table1[अग्निकाण्ड का दिनांक],"<="&EOMONTH(DATE(2024,12,1),0)) -> 0 | AC12: 8 | AD12: =F12+H12+J12+L12+N12+P12+R12+T12+V12+X12+Z12+AB12 -> 37 | AE12: =G12+I12+K12+M12+O12+Q12+S12+U12+W12+Y12+AA12+AC12 -> 228
C13: 9 | E13: रूड़की | F13: =COUNTIFS(Table1[(जिस फायर स्टेशन क्षेत्रार्न्तागत अग्निकाण्ड हुआ हो)],Sheet2!E13,Table1[अग्निकाण्ड का दिनांक],">="&DATE(2024,1,1), Table1[अग्निकाण्ड का दिनांक],"<="&EOMONTH(DATE(2024,1,1),0)) -> 0 | G13: 13 | H13: =COUNTIFS(Table1[(जिस फायर स्टेशन क्षेत्रार्न्तागत अग्निकाण्ड हुआ हो)],Sheet2!E13,Table1[अग्निकाण्ड का दिनांक],">="&DATE(2024,2,1), Table1[अग्निकाण्ड का दिनांक],"<="&EOMONTH(DATE(2024,2,1),0)) -> 0 | I13: 8 | J13: =COUNTIFS(Table1[(जिस फायर स्टेशन क्षेत्रार्न्तागत अग्निकाण्ड हुआ हो)],Sheet2!E13,Table1[अग्निकाण्ड का दिनांक],">="&DATE(2024,3,1), Table1[अग्निकाण्ड का दिनांक],"<="&EOMONTH(DATE(2024,3,1),0)) -> 0 | K13: 5 | L13: =COUNTIFS(Table1[(जिस फायर स्टेशन क्षेत्रार्न्तागत अग्निकाण्ड हुआ हो)],Sheet2!E13,Table1[अग्निकाण्ड का दिनांक],">="&DATE(2024,4,1), Table1[अग्निकाण्ड का दिनांक],"<="&EOMONTH(DATE(2024,4,1),0)) -> 0 | M13: 23 | N13: =COUNTIFS(Table1[(जिस फायर स्टेशन क्षेत्रार्न्तागत अग्निकाण्ड हुआ हो)],Sheet2!E13,Table1[अग्निकाण्ड का दिनांक],">="&DATE(2024,5,1), Table1[अग्निकाण्ड का दिनांक],"<="&EOMONTH(DATE(2024,5,1),0)) -> 0 | O13: 30 | P13: =COUNTIFS(Table1[(जिस फायर स्टेशन क्षेत्रार्न्तागत अग्निकाण्ड हुआ हो)],Sheet2!E13,Table1[अग्निकाण्ड का दिनांक],">="&DATE(2024,6,1), Table1[अग्निकाण्ड का दिनांक],"<="&EOMONTH(DATE(2024,6,1),0)) -> 24 | Q13: 24 | R13: =COUNTIFS(Table1[(जिस फायर स्टेशन क्षेत्रार्न्तागत अग्निकाण्ड हुआ हो)],Sheet2!E13,Table1[अग्निकाण्ड का दिनांक],">="&DATE(2024,7,1), Table1[अग्निकाण्ड का दिनांक],"<="&EOMONTH(DATE(2024,7,1),0)) -> 0 | S13: 9 | T13: =COUNTIFS(Table1[(जिस फायर स्टेशन क्षेत्रार्न्तागत अग्निकाण्ड हुआ हो)],Sheet2!E13,Table1[अग्निकाण्ड का दिनांक],">="&DATE(2024,8,1), Table1[अग्निकाण्ड का दिनांक],"<="&EOMONTH(DATE(2024,8,1),0)) -> 0 | U13: 7 | V13: =COUNTIFS(Table1[(जिस फायर स्टेशन क्षेत्रार्न्तागत अग्निकाण्ड हुआ हो)],Sheet2!E13,Table1[अग्निकाण्ड का दिनांक],">="&DATE(2024,9,1), Table1[अग्निकाण्ड का दिनांक],"<="&EOMONTH(DATE(2024,9,1),0)) -> 0 | W13: 4 | X13: =COUNTIFS(Table1[(जिस फायर स्टेशन क्षेत्रार्न्तागत अग्निकाण्ड हुआ हो)],Sheet2!E13,Table1[अग्निकाण्ड का दिनांक],">="&DATE(2024,10,1), Table1[अग्निकाण्ड का दिनांक],"<="&EOMONTH(DATE(2024,10,1),0)) -> 0 | Y13: 5 | Z13: =COUNTIFS(Table1[(जिस फायर स्टेशन क्षेत्रार्न्तागत अग्निकाण्ड हुआ हो)],Sheet2!E13,Table1[अग्निकाण्ड का दिनांक],">="&DATE(2024,11,1), Table1[अग्निकाण्ड का दिनांक],"<="&EOMONTH(DATE(2024,11,1),0)) -> 0 | AA13: 10 | AB13: =COUNTIFS(Table1[(जिस फायर स्टेशन क्षेत्रार्न्तागत अग्निकाण्ड हुआ हो)],Sheet2!E13,Table1[अग्निकाण्ड का दिनांक],">="&DATE(2024,12,1), Table1[अग्निकाण्ड का दिनांक],"<="&EOMONTH(DATE(2024,12,1),0)) -> 0 | AC13: 19 | AD13: =F13+H13+J13+L13+N13+P13+R13+T13+V13+X13+Z13+AB13 -> 24 | AE13: =G13+I13+K13+M13+O13+Q13+S13+U13+W13+Y13+AA13+AC13 -> 157
C14: 10 | E14: लक्सर | F14: =COUNTIFS(Table1[(जिस फायर स्टेशन क्षेत्रार्न्तागत अग्निकाण्ड हुआ हो)],Sheet2!E14,Table1[अग्निकाण्ड का दिनांक],">="&DATE(2024,1,1), Table1[अग्निकाण्ड का दिनांक],"<="&EOMONTH(DATE(2024,1,1),0)) -> 0 | G14: 0 | H14: =COUNTIFS(Table1[(जिस फायर स्टेशन क्षेत्रार्न्तागत अग्निकाण्ड हुआ हो)],Sheet2!E14,Table1[अग्निकाण्ड का दिनांक],">="&DATE(2024,2,1), Table1[अग्निकाण्ड का दिनांक],"<="&EOMONTH(DATE(2024,2,1),0)) -> 0 | I14: 1 | J14: =COUNTIFS(Table1[(जिस फायर स्टेशन क्षेत्रार्न्तागत अग्निकाण्ड हुआ हो)],Sheet2!E14,Table1[अग्निकाण्ड का दिनांक],">="&DATE(2024,3,1), Table1[अग्निकाण्ड का दिनांक],"<="&EOMONTH(DATE(2024,3,1),0)) -> 0 | K14: 1 | L14: =COUNTIFS(Table1[(जिस फायर स्टेशन क्षेत्रार्न्तागत अग्निकाण्ड हुआ हो)],Sheet2!E14,Table1[अग्निकाण्ड का दिनांक],">="&DATE(2024,4,1), Table1[अग्निकाण्ड का दिनांक],"<="&EOMONTH(DATE(2024,4,1),0)) -> 0 | M14: 9 | N14: =COUNTIFS(Table1[(जिस फायर स्टेशन क्षेत्रार्न्तागत अग्निकाण्ड हुआ हो)],Sheet2!E14,Table1[अग्निकाण्ड का दिनांक],">="&DATE(2024,5,1), Table1[अग्निकाण्ड का दिनांक],"<="&EOMONTH(DATE(2024,5,1),0)) -> 0 | O14: 5 | P14: =COUNTIFS(Table1[(जिस फायर स्टेशन क्षेत्रार्न्तागत अग्निकाण्ड हुआ हो)],Sheet2!E14,Table1[अग्निकाण्ड का दिनांक],">="&DATE(2024,6,1), Table1[अग्निकाण्ड का दिनांक],"<="&EOMONTH(DATE(2024,6,1),0)) -> 8 | Q14: 8 | R14: =COUNTIFS(Table1[(जिस फायर स्टेशन क्षेत्रार्न्तागत अग्निकाण्ड हुआ हो)],Sheet2!E14,Table1[अग्निकाण्ड का दिनांक],">="&DATE(2024,7,1), Table1[अग्निकाण्ड का दिनांक],"<="&EOMONTH(DATE(2024,7,1),0)) -> 0 | S14: 0 | T14: =COUNTIFS(Table1[(जिस फायर स्टेशन क्षेत्रार्न्तागत अग्निकाण्ड हुआ हो)],Sheet2!E14,Table1[अग्निकाण्ड का दिनांक],">="&DATE(2024,8,1), Table1[अग्निकाण्ड का दिनांक],"<="&EOMONTH(DATE(2024,8,1),0)) -> 0 | U14: 0 | V14: =COUNTIFS(Table1[(जिस फायर स्टेशन क्षेत्रार्न्तागत अग्निकाण्ड हुआ हो)],Sheet2!E14,Table1[अग्निकाण्ड का दिनांक],">="&DATE(2024,9,1), Table1[अग्निकाण्ड का दिनांक],"<="&EOMONTH(DATE(2024,9,1),0)) -> 0 | W14: 1 | X14: =COUNTIFS(Table1[(जिस फायर स्टेशन क्षेत्रार्न्तागत अग्निकाण्ड हुआ हो)],Sheet2!E14,Table1[अग्निकाण्ड का दिनांक],">="&DATE(2024,10,1), Table1[अग्निकाण्ड का दिनांक],"<="&EOMONTH(DATE(2024,10,1),0)) -> 0 | Y14: 2 | Z14: =COUNTIFS(Table1[(जिस फायर स्टेशन क्षेत्रार्न्तागत अग्निकाण्ड हुआ हो)],Sheet2!E14,Table1[अग्निकाण्ड का दिनांक],">="&DATE(2024,11,1), Table1[अग्निकाण्ड का दिनांक],"<="&EOMONTH(DATE(2024,11,1),0)) -> 0 | AA14: 1 | AB14: =COUNTIFS(Table1[(जिस फायर स्टेशन क्षेत्रार्न्तागत अग्निकाण्ड हुआ हो)],Sheet2!E14,Table1[अग्निकाण्ड का दिनांक],">="&DATE(2024,12,1), Table1[अग्निकाण्ड का दिनांक],"<="&EOMONTH(DATE(2024,12,1),0)) -> 0 | AC14: 3 | AD14: =F14+H14+J14+L14+N14+P14+R14+T14+V14+X14+Z14+AB14 -> 8 | AE14: =G14+I14+K14+M14+O14+Q14+S14+U14+W14+Y14+AA14+AC14 -> 31
C15: 11 | E15: सिडकुल | F15: =COUNTIFS(Table1[(जिस फायर स्टेशन क्षेत्रार्न्तागत अग्निकाण्ड हुआ हो)],Sheet2!E15,Table1[अग्निकाण्ड का दिनांक],">="&DATE(2024,1,1), Table1[अग्निकाण्ड का दिनांक],"<="&EOMONTH(DATE(2024,1,1),0)) -> 0 | G15: 2 | H15: =COUNTIFS(Table1[(जिस फायर स्टेशन क्षेत्रार्न्तागत अग्निकाण्ड हुआ हो)],Sheet2!E15,Table1[अग्निकाण्ड का दिनांक],">="&DATE(2024,2,1), Table1[अग्निकाण्ड का दिनांक],"<="&EOMONTH(DATE(2024,2,1),0)) -> 0 | I15: 4 | J15: =COUNTIFS(Table1[(जिस फायर स्टेशन क्षेत्रार्न्तागत अग्निकाण्ड हुआ हो)],Sheet2!E15,Table1[अग्निकाण्ड का दिनांक],">="&DATE(2024,3,1), Table1[अग्निकाण्ड का दिनांक],"<="&EOMONTH(DATE(2024,3,1),0)) -> 0 | K15: 8 | L15: =COUNTIFS(Table1[(जिस फायर स्टेशन क्षेत्रार्न्तागत अग्निकाण्ड हुआ हो)],Sheet2!E15,Table1[अग्निकाण्ड का दिनांक],">="&DATE(2024,4,1), Table1[अग्निकाण्ड का दिनांक],"<="&EOMONTH(DATE(2024,4,1),0)) -> 0 | M15: 4 | N15: =COUNTIFS(Table1[(जिस फायर स्टेशन क्षेत्रार्न्तागत अग्निकाण्ड हुआ हो)],Sheet2!E15,Table1[अग्निकाण्ड का दिनांक],">="&DATE(2024,5,1), Table1[अग्निकाण्ड का दिनांक],"<="&EOMONTH(DATE(2024,5,1),0)) -> 0 | O15: 14 | P15: =COUNTIFS(Table1[(जिस फायर स्टेशन क्षेत्रार्न्तागत अग्निकाण्ड हुआ हो)],Sheet2!E15,Table1[अग्निकाण्ड का दिनांक],">="&DATE(2024,6,1), Table1[अग्निकाण्ड का दिनांक],"<="&EOMONTH(DATE(2024,6,1),0)) -> 6 | Q15: 4 | R15: =COUNTIFS(Table1[(जिस फायर स्टेशन क्षेत्रार्न्तागत अग्निकाण्ड हुआ हो)],Sheet2!E15,Table1[अग्निकाण्ड का दिनांक],">="&DATE(2024,7,1), Table1[अग्निकाण्ड का दिनांक],"<="&EOMONTH(DATE(2024,7,1),0)) -> 0 | S15: 0 | T15: =COUNTIFS(Table1[(जिस फायर स्टेशन क्षेत्रार्न्तागत अग्निकाण्ड हुआ हो)],Sheet2!E15,Table1[अग्निकाण्ड का दिनांक],">="&DATE(2024,8,1), Table1[अग्निकाण्ड का दिनांक],"<="&EOMONTH(DATE(2024,8,1),0)) -> 0 | U15: 4 | V15: =COUNTIFS(Table1[(जिस फायर स्टेशन क्षेत्रार्न्तागत अग्निकाण्ड हुआ हो)],Sheet2!E15,Table1[अग्निकाण्ड का दिनांक],">="&DATE(2024,9,1), Table1[अग्निकाण्ड का दिनांक],"<="&EOMONTH(DATE(2024,9,1),0)) -> 0 | W15: 1 | X15: =COUNTIFS(Table1[(जिस फायर स्टेशन क्षेत्रार्न्तागत अग्निकाण्ड हुआ हो)],Sheet2!E15,Table1[अग्निकाण्ड का दिनांक],">="&DATE(2024,10,1), Table1[अग्निकाण्ड का दिनांक],"<="&EOMONTH(DATE(2024,10,1),0)) -> 0 | Y15: 3 | Z15: =COUNTIFS(Table1[(जिस फायर स्टेशन क्षेत्रार्न्तागत अग्निकाण्ड हुआ हो)],Sheet2!E15,Table1[अग्निकाण्ड का दिनांक],">="&DATE(2024,11,1), Table1[अग्निकाण्ड का दिनांक],"<="&EOMONTH(DATE(2024,11,1),0)) -> 0 | AA15: 3 | AB15: =COUNTIFS(Table1[(जिस फायर स्टेशन क्षेत्रार्न्तागत अग्निकाण्ड हुआ हो)],Sheet2!E15,Table1[अग्निकाण्ड का दिनांक],">="&DATE(2024,12,1), Table1[अग्निकाण्ड का दिनांक],"<="&EOMONTH(DATE(2024,12,1),0)) -> 0 | AC15: 5 | AD15: =F15+H15+J15+L15+N15+P15+R15+T15+V15+X15+Z15+AB15 -> 6 | AE15: =G15+I15+K15+M15+O15+Q15+S15+U15+W15+Y15+AA15+AC15 -> 52
C16: 12 | E16: भगवानपुर | F16: =COUNTIFS(Table1[(जिस फायर स्टेशन क्षेत्रार्न्तागत अग्निकाण्ड हुआ हो)],Sheet2!E16,Table1[अग्निकाण्ड का दिनांक],">="&DATE(2024,1,1), Table1[अग्निकाण्ड का दिनांक],"<="&EOMONTH(DATE(2024,1,1),0)) -> 0 | G16: 0 | H16: =COUNTIFS(Table1[(जिस फायर स्टेशन क्षेत्रार्न्तागत अग्निकाण्ड हुआ हो)],Sheet2!E16,Table1[अग्निकाण्ड का दिनांक],">="&DATE(2024,2,1), Table1[अग्निकाण्ड का दिनांक],"<="&EOMONTH(DATE(2024,2,1),0)) -> 0 | I16: 2 | J16: =COUNTIFS(Table1[(जिस फायर स्टेशन क्षेत्रार्न्तागत अग्निकाण्ड हुआ हो)],Sheet2!E16,Table1[अग्निकाण्ड का दिनांक],">="&DATE(2024,3,1), Table1[अग्निकाण्ड का दिनांक],"<="&EOMONTH(DATE(2024,3,1),0)) -> 0 | K16: 1 | L16: =COUNTIFS(Table1[(जिस फायर स्टेशन क्षेत्रार्न्तागत अग्निकाण्ड हुआ हो)],Sheet2!E16,Table1[अग्निकाण्ड का दिनांक],">="&DATE(2024,4,1), Table1[अग्निकाण्ड का दिनांक],"<="&EOMONTH(DATE(2024,4,1),0)) -> 0 | M16: 6 | N16: =COUNTIFS(Table1[(जिस फायर स्टेशन क्षेत्रार्न्तागत अग्निकाण्ड हुआ हो)],Sheet2!E16,Table1[अग्निकाण्ड का दिनांक],">="&DATE(2024,5,1), Table1[अग्निकाण्ड का दिनांक],"<="&EOMONTH(DATE(2024,5,1),0)) -> 0 | O16: 8 | P16: =COUNTIFS(Table1[(जिस फायर स्टेशन क्षेत्रार्न्तागत अग्निकाण्ड हुआ हो)],Sheet2!E16,Table1[अग्निकाण्ड का दिनांक],">="&DATE(2024,6,1), Table1[अग्निकाण्ड का दिनांक],"<="&EOMONTH(DATE(2024,6,1),0)) -> 5 | Q16: 7 | R16: =COUNTIFS(Table1[(जिस फायर स्टेशन क्षेत्रार्न्तागत अग्निकाण्ड हुआ हो)],Sheet2!E16,Table1[अग्निकाण्ड का दिनांक],">="&DATE(2024,7,1), Table1[अग्निकाण्ड का दिनांक],"<="&EOMONTH(DATE(2024,7,1),0)) -> 0 | S16: 1 | T16: =COUNTIFS(Table1[(जिस फायर स्टेशन क्षेत्रार्न्तागत अग्निकाण्ड हुआ हो)],Sheet2!E16,Table1[अग्निकाण्ड का दिनांक],">="&DATE(2024,8,1), Table1[अग्निकाण्ड का दिनांक],"<="&EOMONTH(DATE(2024,8,1),0)) -> 0 | U16: 3 | V16: =COUNTIFS(Table1[(जिस फायर स्टेशन क्षेत्रार्न्तागत अग्निकाण्ड हुआ हो)],Sheet2!E16,Table1[अग्निकाण्ड का दिनांक],">="&DATE(2024,9,1), Table1[अग्निकाण्ड का दिनांक],"<="&EOMONTH(DATE(2024,9,1),0)) -> 0 | W16: 0 | X16: =COUNTIFS(Table1[(जिस फायर स्टेशन क्षेत्रार्न्तागत अग्निकाण्ड हुआ हो)],Sheet2!E16,Table1[अग्निकाण्ड का दिनांक],">="&DATE(2024,10,1), Table1[अग्निकाण्ड का दिनांक],"<="&EOMONTH(DATE(2024,10,1),0)) -> 0 | Y16: 3 | Z16: =COUNTIFS(Table1[(जिस फायर स्टेशन क्षेत्रार्न्तागत अग्निकाण्ड हुआ हो)],Sheet2!E16,Table1[अग्निकाण्ड का दिनांक],">="&DATE(2024,11,1), Table1[अग्निकाण्ड का दिनांक],"<="&EOMONTH(DATE(2024,11,1),0)) -> 0 | AA16: 1 | AB16: =COUNTIFS(Table1[(जिस फायर स्टेशन क्षेत्रार्न्तागत अग्निकाण्ड हुआ हो)],Sheet2!E16,Table1[अग्निकाण्ड का दिनांक],">="&DATE(2024,12,1), Table1[अग्निकाण्ड का दिनांक],"<="&EOMONTH(DATE(2024,12,1),0)) -> 0 | AC16: 2 | AD16: =F16+H16+J16+L16+N16+P16+R16+T16+V16+X16+Z16+AB16 -> 5 | AE16: =G16+I16+K16+M16+O16+Q16+S16+U16+W16+Y16+AA16+AC16 -> 34
C17: 13 | D17: Tehri | E17: नई टिहरी | F17: =COUNTIFS(Table1[(जिस फायर स्टेशन क्षेत्रार्न्तागत अग्निकाण्ड हुआ हो)],Sheet2!E17,Table1[अग्निकाण्ड का दिनांक],">="&DATE(2024,1,1), Table1[अग्निकाण्ड का दिनांक],"<="&EOMONTH(DATE(2024,1,1),0)) -> 0 | G17: 6 | H17: =COUNTIFS(Table1[(जिस फायर स्टेशन क्षेत्रार्न्तागत अग्निकाण्ड हुआ हो)],Sheet2!E17,Table1[अग्निकाण्ड का दिनांक],">="&DATE(2024,2,1), Table1[अग्निकाण्ड का दिनांक],"<="&EOMONTH(DATE(2024,2,1),0)) -> 0 | I17: 1 | J17: =COUNTIFS(Table1[(जिस फायर स्टेशन क्षेत्रार्न्तागत अग्निकाण्ड हुआ हो)],Sheet2!E17,Table1[अग्निकाण्ड का दिनांक],">="&DATE(2024,3,1), Table1[अग्निकाण्ड का दिनांक],"<="&EOMONTH(DATE(2024,3,1),0)) -> 0 | K17: 8 | L17: =COUNTIFS(Table1[(जिस फायर स्टेशन क्षेत्रार्न्तागत अग्निकाण्ड हुआ हो)],Sheet2!E17,Table1[अग्निकाण्ड का दिनांक],">="&DATE(2024,4,1), Table1[अग्निकाण्ड का दिनांक],"<="&EOMONTH(DATE(2024,4,1),0)) -> 0 | M17: 13 | N17: =COUNTIFS(Table1[(जिस फायर स्टेशन क्षेत्रार्न्तागत अग्निकाण्ड हुआ हो)],Sheet2!E17,Table1[अग्निकाण्ड का दिनांक],">="&DATE(2024,5,1), Table1[अग्निकाण्ड का दिनांक],"<="&EOMONTH(DATE(2024,5,1),0)) -> 0 | O17: 56 | P17: =COUNTIFS(Table1[(जिस फायर स्टेशन क्षेत्रार्न्तागत अग्निकाण्ड हुआ हो)],Sheet2!E17,Table1[अग्निकाण्ड का दिनांक],">="&DATE(2024,6,1), Table1[अग्निकाण्ड का दिनांक],"<="&EOMONTH(DATE(2024,6,1),0)) -> 0 | Q17: 17 | R17: =COUNTIFS(Table1[(जिस फायर स्टेशन क्षेत्रार्न्तागत अग्निकाण्ड हुआ हो)],Sheet2!E17,Table1[अग्निकाण्ड का दिनांक],">="&DATE(2024,7,1), Table1[अग्निकाण्ड का दिनांक],"<="&EOMONTH(DATE(2024,7,1),0)) -> 0 | S17: 2 | T17: =COUNTIFS(Table1[(जिस फायर स्टेशन क्षेत्रार्न्तागत अग्निकाण्ड हुआ हो)],Sheet2!E17,Table1[अग्निकाण्ड का दिनांक],">="&DATE(2024,8,1), Table1[अग्निकाण्ड का दिनांक],"<="&EOMONTH(DATE(2024,8,1),0)) -> 0 | U17: 0 | V17: =COUNTIFS(Table1[(जिस फायर स्टेशन क्षेत्रार्न्तागत अग्निकाण्ड हुआ हो)],Sheet2!E17,Table1[अग्निकाण्ड का दिनांक],">="&DATE(2024,9,1), Table1[अग्निकाण्ड का दिनांक],"<="&EOMONTH(DATE(2024,9,1),0)) -> 0 | W17: 1 | X17: =COUNTIFS(Table1[(जिस फायर स्टेशन क्षेत्रार्न्तागत अग्निकाण्ड हुआ हो)],Sheet2!E17,Table1[अग्निकाण्ड का दिनांक],">="&DATE(2024,10,1), Table1[अग्निकाण्ड का दिनांक],"<="&EOMONTH(DATE(2024,10,1),0)) -> 0 | Y17: 0 | Z17: =COUNTIFS(Table1[(जिस फायर स्टेशन क्षेत्रार्न्तागत अग्निकाण्ड हुआ हो)],Sheet2!E17,Table1[अग्निकाण्ड का दिनांक],">="&DATE(2024,11,1), Table1[अग्निकाण्ड का दिनांक],"<="&EOMONTH(DATE(2024,11,1),0)) -> 0 | AA17: 2 | AB17: =COUNTIFS(Table1[(जिस फायर स्टेशन क्षेत्रार्न्तागत अग्निकाण्ड हुआ हो)],Sheet2!E17,Table1[अग्निकाण्ड का दिनांक],">="&DATE(2024,12,1), Table1[अग्निकाण्ड का दिनांक],"<="&EOMONTH(DATE(2024,12,1),0)) -> 0 | AC17: 4 | AD17: =F17+H17+J17+L17+N17+P17+R17+T17+V17+X17+Z17+AB17 -> 0 | AE17: =G17+I17+K17+M17+O17+Q17+S17+U17+W17+Y17+AA17+AC17 -> 110
C18: 14 | E18: नरेन्द्रनगर | F18: =COUNTIFS(Table1[(जिस फायर स्टेशन क्षेत्रार्न्तागत अग्निकाण्ड हुआ हो)],Sheet2!E18,Table1[अग्निकाण्ड का दिनांक],">="&DATE(2024,1,1), Table1[अग्निकाण्ड का दिनांक],"<="&EOMONTH(DATE(2024,1,1),0)) -> 0 | G18: 2 | H18: =COUNTIFS(Table1[(जिस फायर स्टेशन क्षेत्रार्न्तागत अग्निकाण्ड हुआ हो)],Sheet2!E18,Table1[अग्निकाण्ड का दिनांक],">="&DATE(2024,2,1), Table1[अग्निकाण्ड का दिनांक],"<="&EOMONTH(DATE(2024,2,1),0)) -> 0 | I18: 1 | J18: =COUNTIFS(Table1[(जिस फायर स्टेशन क्षेत्रार्न्तागत अग्निकाण्ड हुआ हो)],Sheet2!E18,Table1[अग्निकाण्ड का दिनांक],">="&DATE(2024,3,1), Table1[अग्निकाण्ड का दिनांक],"<="&EOMONTH(DATE(2024,3,1),0)) -> 0 | K18: 1 | L18: =COUNTIFS(Table1[(जिस फायर स्टेशन क्षेत्रार्न्तागत अग्निकाण्ड हुआ हो)],Sheet2!E18,Table1[अग्निकाण्ड का दिनांक],">="&DATE(2024,4,1), Table1[अग्निकाण्ड का दिनांक],"<="&EOMONTH(DATE(2024,4,1),0)) -> 0 | M18: 12 | N18: =COUNTIFS(Table1[(जिस फायर स्टेशन क्षेत्रार्न्तागत अग्निकाण्ड हुआ हो)],Sheet2!E18,Table1[अग्निकाण्ड का दिनांक],">="&DATE(2024,5,1), Table1[अग्निकाण्ड का दिनांक],"<="&EOMONTH(DATE(2024,5,1),0)) -> 0 | O18: 13 | P18: =COUNTIFS(Table1[(जिस फायर स्टेशन क्षेत्रार्न्तागत अग्निकाण्ड हुआ हो)],Sheet2!E18,Table1[अग्निकाण्ड का दिनांक],">="&DATE(2024,6,1), Table1[अग्निकाण्ड का दिनांक],"<="&EOMONTH(DATE(2024,6,1),0)) -> 0 | Q18: 7 | R18: =COUNTIFS(Table1[(जिस फायर स्टेशन क्षेत्रार्न्तागत अग्निकाण्ड हुआ हो)],Sheet2!E18,Table1[अग्निकाण्ड का दिनांक],">="&DATE(2024,7,1), Table1[अग्निकाण्ड का दिनांक],"<="&EOMONTH(DATE(2024,7,1),0)) -> 0 | S18: 2 | T18: =COUNTIFS(Table1[(जिस फायर स्टेशन क्षेत्रार्न्तागत अग्निकाण्ड हुआ हो)],Sheet2!E18,Table1[अग्निकाण्ड का दिनांक],">="&DATE(2024,8,1), Table1[अग्निकाण्ड का दिनांक],"<="&EOMONTH(DATE(2024,8,1),0)) -> 0 | U18: 0 | V18: =COUNTIFS(Table1[(जिस फायर स्टेशन क्षेत्रार्न्तागत अग्निकाण्ड हुआ हो)],Sheet2!E18,Table1[अग्निकाण्ड का दिनांक],">="&DATE(2024,9,1), Table1[अग्निकाण्ड का दिनांक],"<="&EOMONTH(DATE(2024,9,1),0)) -> 0 | W18: 0 | X18: =COUNTIFS(Table1[(जिस फायर स्टेशन क्षेत्रार्न्तागत अग्निकाण्ड हुआ हो)],Sheet2!E18,Table1[अग्निकाण्ड का दिनांक],">="&DATE(2024,10,1), Table1[अग्निकाण्ड का दिनांक],"<="&EOMONTH(DATE(2024,10,1),0)) -> 0 | Y18: 0 | Z18: =COUNTIFS(Table1[(जिस फायर स्टेशन क्षेत्रार्न्तागत अग्निकाण्ड हुआ हो)],Sheet2!E18,Table1[अग्निकाण्ड का दिनांक],">="&DATE(2024,11,1), Table1[अग्निकाण्ड का दिनांक],"<="&EOMONTH(DATE(2024,11,1),0)) -> 0 | AA18: 0 | AB18: =COUNTIFS(Table1[(जिस फायर स्टेशन क्षेत्रार्न्तागत अग्निकाण्ड हुआ हो)],Sheet2!E18,Table1[अग्निकाण्ड का दिनांक],">="&DATE(2024,12,1), Table1[अग्निकाण्ड का दिनांक],"<="&EOMONTH(DATE(2024,12,1),0)) -> 0 | AC18: 0 | AD18: =F18+H18+J18+L18+N18+P18+R18+T18+V18+X18+Z18+AB18 -> 0 | AE18: =G18+I18+K18+M18+O18+Q18+S18+U18+W18+Y18+AA18+AC18 -> 38
C19: 15 | E19: घनसाली | F19: =COUNTIFS(Table1[(जिस फायर स्टेशन क्षेत्रार्न्तागत अग्निकाण्ड हुआ हो)],Sheet2!E19,Table1[अग्निकाण्ड का दिनांक],">="&DATE(2024,1,1), Table1[अग्निकाण्ड का दिनांक],"<="&EOMONTH(DATE(2024,1,1),0)) -> 0 | H19: =COUNTIFS(Table1[(जिस फायर स्टेशन क्षेत्रार्न्तागत अग्निकाण्ड हुआ हो)],Sheet2!E19,Table1[अग्निकाण्ड का दिनांक],">="&DATE(2024,2,1), Table1[अग्निकाण्ड का दिनांक],"<="&EOMONTH(DATE(2024,2,1),0)) -> 0 | J19: =COUNTIFS(Table1[(जिस फायर स्टेशन क्षेत्रार्न्तागत अग्निकाण्ड हुआ हो)],Sheet2!E19,Table1[अग्निकाण्ड का दिनांक],">="&DATE(2024,3,1), Table1[अग्निकाण्ड का दिनांक],"<="&EOMONTH(DATE(2024,3,1),0)) -> 0 | L19: =COUNTIFS(Table1[(जिस फायर स्टेशन क्षेत्रार्न्तागत अग्निकाण्ड हुआ हो)],Sheet2!E19,Table1[अग्निकाण्ड का दिनांक],">="&DATE(2024,4,1), Table1[अग्निकाण्ड का दिनांक],"<="&EOMONTH(DATE(2024,4,1),0)) -> 0 | N19: =COUNTIFS(Table1[(जिस फायर स्टेशन क्षेत्रार्न्तागत अग्निकाण्ड हुआ हो)],Sheet2!E19,Table1[अग्निकाण्ड का दिनांक],">="&DATE(2024,5,1), Table1[अग्निकाण्ड का दिनांक],"<="&EOMONTH(DATE(2024,5,1),0)) -> 0 | P19: =COUNTIFS(Table1[(जिस फायर स्टेशन क्षेत्रार्न्तागत अग्निकाण्ड हुआ हो)],Sheet2!E19,Table1[अग्निकाण्ड का दिनांक],">="&DATE(2024,6,1), Table1[अग्निकाण्ड का दिनांक],"<="&EOMONTH(DATE(2024,6,1),0)) -> 0 | R19: =COUNTIFS(Table1[(जिस फायर स्टेशन क्षेत्रार्न्तागत अग्निकाण्ड हुआ हो)],Sheet2!E19,Table1[अग्निकाण्ड का दिनांक],">="&DATE(2024,7,1), Table1[अग्निकाण्ड का दिनांक],"<="&EOMONTH(DATE(2024,7,1),0)) -> 0 | T19: =COUNTIFS(Table1[(जिस फायर स्टेशन क्षेत्रार्न्तागत अग्निकाण्ड हुआ हो)],Sheet2!E19,Table1[अग्निकाण्ड का दिनांक],">="&DATE(2024,8,1), Table1[अग्निकाण्ड का दिनांक],"<="&EOMONTH(DATE(2024,8,1),0)) -> 0 | V19: =COUNTIFS(Table1[(जिस फायर स्टेशन क्षेत्रार्न्तागत अग्निकाण्ड हुआ हो)],Sheet2!E19,Table1[अग्निकाण्ड का दिनांक],">="&DATE(2024,9,1), Table1[अग्निकाण्ड का दिनांक],"<="&EOMONTH(DATE(2024,9,1),0)) -> 0 | X19: =COUNTIFS(Table1[(जिस फायर स्टेशन क्षेत्रार्न्तागत अग्निकाण्ड हुआ हो)],Sheet2!E19,Table1[अग्निकाण्ड का दिनांक],">="&DATE(2024,10,1), Table1[अग्निकाण्ड का दिनांक],"<="&EOMONTH(DATE(2024,10,1),0)) -> 0 | Z19: =COUNTIFS(Table1[(जिस फायर स्टेशन क्षेत्रार्न्तागत अग्निकाण्ड हुआ हो)],Sheet2!E19,Table1[अग्निकाण्ड का दिनांक],">="&DATE(2024,11,1), Table1[अग्निकाण्ड का दिनांक],"<="&EOMONTH(DATE(2024,11,1),0)) -> 0 | AB19: =COUNTIFS(Table1[(जिस फायर स्टेशन क्षेत्रार्न्तागत अग्निकाण्ड हुआ हो)],Sheet2!E19,Table1[अग्निकाण्ड का दिनांक],">="&DATE(2024,12,1), Table1[अग्निकाण्ड का दिनांक],"<="&EOMONTH(DATE(2024,12,1),0)) -> 0 | AD19: =F19+H19+J19+L19+N19+P19+R19+T19+V19+X19+Z19+AB19 -> 0 | AE19: =G19+I19+K19+M19+O19+Q19+S19+U19+W19+Y19+AA19+AC19 -> 0
C20: 16 | D20: Uttarkashi | E20: उत्तरकाशी | F20: =COUNTIFS(Table1[(जिस फायर स्टेशन क्षेत्रार्न्तागत अग्निकाण्ड हुआ हो)],Sheet2!E20,Table1[अग्निकाण्ड का दिनांक],">="&DATE(2024,1,1), Table1[अग्निकाण्ड का दिनांक],"<="&EOMONTH(DATE(2024,1,1),0)) -> 0 | G20: 1 | H20: =COUNTIFS(Table1[(जिस फायर स्टेशन क्षेत्रार्न्तागत अग्निकाण्ड हुआ हो)],Sheet2!E20,Table1[अग्निकाण्ड का दिनांक],">="&DATE(2024,2,1), Table1[अग्निकाण्ड का दिनांक],"<="&EOMONTH(DATE(2024,2,1),0)) -> 0 | I20: 2 | J20: =COUNTIFS(Table1[(जिस फायर स्टेशन क्षेत्रार्न्तागत अग्निकाण्ड हुआ हो)],Sheet2!E20,Table1[अग्निकाण्ड का दिनांक],">="&DATE(2024,3,1), Table1[अग्निकाण्ड का दिनांक],"<="&EOMONTH(DATE(2024,3,1),0)) -> 0 | K20: 3 | L20: =COUNTIFS(Table1[(जिस फायर स्टेशन क्षेत्रार्न्तागत अग्निकाण्ड हुआ हो)],Sheet2!E20,Table1[अग्निकाण्ड का दिनांक],">="&DATE(2024,4,1), Table1[अग्निकाण्ड का दिनांक],"<="&EOMONTH(DATE(2024,4,1),0)) -> 0 | M20: 6 | N20: =COUNTIFS(Table1[(जिस फायर स्टेशन क्षेत्रार्न्तागत अग्निकाण्ड हुआ हो)],Sheet2!E20,Table1[अग्निकाण्ड का दिनांक],">="&DATE(2024,5,1), Table1[अग्निकाण्ड का दिनांक],"<="&EOMONTH(DATE(2024,5,1),0)) -> 0 | O20: 25 | P20: =COUNTIFS(Table1[(जिस फायर स्टेशन क्षेत्रार्न्तागत अग्निकाण्ड हुआ हो)],Sheet2!E20,Table1[अग्निकाण्ड का दिनांक],">="&DATE(2024,6,1), Table1[अग्निकाण्ड का दिनांक],"<="&EOMONTH(DATE(2024,6,1),0)) -> 14 | Q20: 14 | R20: =COUNTIFS(Table1[(जिस फायर स्टेशन क्षेत्रार्न्तागत अग्निकाण्ड हुआ हो)],Sheet2!E20,Table1[अग्निकाण्ड का दिनांक],">="&DATE(2024,7,1), Table1[अग्निकाण्ड का दिनांक],"<="&EOMONTH(DATE(2024,7,1),0)) -> 0 | S20: 0 | T20: =COUNTIFS(Table1[(जिस फायर स्टेशन क्षेत्रार्न्तागत अग्निकाण्ड हुआ हो)],Sheet2!E20,Table1[अग्निकाण्ड का दिनांक],">="&DATE(2024,8,1), Table1[अग्निकाण्ड का दिनांक],"<="&EOMONTH(DATE(2024,8,1),0)) -> 0 | U20: 0 | V20: =COUNTIFS(Table1[(जिस फायर स्टेशन क्षेत्रार्न्तागत अग्निकाण्ड हुआ हो)],Sheet2!E20,Table1[अग्निकाण्ड का दिनांक],">="&DATE(2024,9,1), Table1[अग्निकाण्ड का दिनांक],"<="&EOMONTH(DATE(2024,9,1),0)) -> 0 | W20: 1 | X20: =COUNTIFS(Table1[(जिस फायर स्टेशन क्षेत्रार्न्तागत अग्निकाण्ड हुआ हो)],Sheet2!E20,Table1[अग्निकाण्ड का दिनांक],">="&DATE(2024,10,1), Table1[अग्निकाण्ड का दिनांक],"<="&EOMONTH(DATE(2024,10,1),0)) -> 0 | Y20: 2 | Z20: =COUNTIFS(Table1[(जिस फायर स्टेशन क्षेत्रार्न्तागत अग्निकाण्ड हुआ हो)],Sheet2!E20,Table1[अग्निकाण्ड का दिनांक],">="&DATE(2024,11,1), Table1[अग्निकाण्ड का दिनांक],"<="&EOMONTH(DATE(2024,11,1),0)) -> 0 | AA20: 0 | AB20: =COUNTIFS(Table1[(जिस फायर स्टेशन क्षेत्रार्न्तागत अग्निकाण्ड हुआ हो)],Sheet2!E20,Table1[अग्निकाण्ड का दिनांक],">="&DATE(2024,12,1), Table1[अग्निकाण्ड का दिनांक],"<="&EOMONTH(DATE(2024,12,1),0)) -> 0 | AC20: 6 | AD20: =F20+H20+J20+L20+N20+P20+R20+T20+V20+X20+Z20+AB20 -> 14 | AE20: =G20+I20+K20+M20+O20+Q20+S20+U20+W20+Y20+AA20+AC20 -> 60
C21: 17 | E21: बड़कोट | F21: =COUNTIFS(Table1[(जिस फायर स्टेशन क्षेत्रार्न्तागत अग्निकाण्ड हुआ हो)],Sheet2!E21,Table1[अग्निकाण्ड का दिनांक],">="&DATE(2024,1,1), Table1[अग्निकाण्ड का दिनांक],"<="&EOMONTH(DATE(2024,1,1),0)) -> 0 | G21: 2 | H21: =COUNTIFS(Table1[(जिस फायर स्टेशन क्षेत्रार्न्तागत अग्निकाण्ड हुआ हो)],Sheet2!E21,Table1[अग्निकाण्ड का दिनांक],">="&DATE(2024,2,1), Table1[अग्निकाण्ड का दिनांक],"<="&EOMONTH(DATE(2024,2,1),0)) -> 0 | I21: 3 | J21: =COUNTIFS(Table1[(जिस फायर स्टेशन क्षेत्रार्न्तागत अग्निकाण्ड हुआ हो)],Sheet2!E21,Table1[अग्निकाण्ड का दिनांक],">="&DATE(2024,3,1), Table1[अग्निकाण्ड का दिनांक],"<="&EOMONTH(DATE(2024,3,1),0)) -> 0 | K21: 1 | L21: =COUNTIFS(Table1[(जिस फायर स्टेशन क्षेत्रार्न्तागत अग्निकाण्ड हुआ हो)],Sheet2!E21,Table1[अग्निकाण्ड का दिनांक],">="&DATE(2024,4,1), Table1[अग्निकाण्ड का दिनांक],"<="&EOMONTH(DATE(2024,4,1),0)) -> 0 | M21: 5 | N21: =COUNTIFS(Table1[(जिस फायर स्टेशन क्षेत्रार्न्तागत अग्निकाण्ड हुआ हो)],Sheet2!E21,Table1[अग्निकाण्ड का दिनांक],">="&DATE(2024,5,1), Table1[अग्निकाण्ड का दिनांक],"<="&EOMONTH(DATE(2024,5,1),0)) -> 0 | O21: 14 | P21: =COUNTIFS(Table1[(जिस फायर स्टेशन क्षेत्रार्न्तागत अग्निकाण्ड हुआ हो)],Sheet2!E21,Table1[अग्निकाण्ड का दिनांक],">="&DATE(2024,6,1), Table1[अग्निकाण्ड का दिनांक],"<="&EOMONTH(DATE(2024,6,1),0)) -> 0 | Q21: 22 | R21: =COUNTIFS(Table1[(जिस फायर स्टेशन क्षेत्रार्न्तागत अग्निकाण्ड हुआ हो)],Sheet2!E21,Table1[अग्निकाण्ड का दिनांक],">="&DATE(2024,7,1), Table1[अग्निकाण्ड का दिनांक],"<="&EOMONTH(DATE(2024,7,1),0)) -> 0 | S21: 0 | T21: =COUNTIFS(Table1[(जिस फायर स्टेशन क्षेत्रार्न्तागत अग्निकाण्ड हुआ हो)],Sheet2!E21,Table1[अग्निकाण्ड का दिनांक],">="&DATE(2024,8,1), Table1[अग्निकाण्ड का दिनांक],"<="&EOMONTH(DATE(2024,8,1),0)) -> 0 | U21: 1 | V21: =COUNTIFS(Table1[(जिस फायर स्टेशन क्षेत्रार्न्तागत अग्निकाण्ड हुआ हो)],Sheet2!E21,Table1[अग्निकाण्ड का दिनांक],">="&DATE(2024,9,1), Table1[अग्निकाण्ड का दिनांक],"<="&EOMONTH(DATE(2024,9,1),0)) -> 0 | W21: 1 | X21: =COUNTIFS(Table1[(जिस फायर स्टेशन क्षेत्रार्न्तागत अग्निकाण्ड हुआ हो)],Sheet2!E21,Table1[अग्निकाण्ड का दिनांक],">="&DATE(2024,10,1), Table1[अग्निकाण्ड का दिनांक],"<="&EOMONTH(DATE(2024,10,1),0)) -> 0 | Y21: 2 | Z21: =COUNTIFS(Table1[(जिस फायर स्टेशन क्षेत्रार्न्तागत अग्निकाण्ड हुआ हो)],Sheet2!E21,Table1[अग्निकाण्ड का दिनांक],">="&DATE(2024,11,1), Table1[अग्निकाण्ड का दिनांक],"<="&EOMONTH(DATE(2024,11,1),0)) -> 0 | AA21: 1 | AB21: =COUNTIFS(Table1[(जिस फायर स्टेशन क्षेत्रार्न्तागत अग्निकाण्ड हुआ हो)],Sheet2!E21,Table1[अग्निकाण्ड का दिनांक],">="&DATE(2024,12,1), Table1[अग्निकाण्ड का दिनांक],"<="&EOMONTH(DATE(2024,12,1),0)) -> 0 | AC21: 1 | AD21: =F21+H21+J21+L21+N21+P21+R21+T21+V21+X21+Z21+AB21 -> 0 | AE21: =G21+I21+K21+M21+O21+Q21+S21+U21+W21+Y21+AA21+AC21 -> 53
C22: 18 | E22: चिन्यालीसौंड़ | F22: =COUNTIFS(Table1[(जिस फायर स्टेशन क्षेत्रार्न्तागत अग्निकाण्ड हुआ हो)],Sheet2!E22,Table1[अग्निकाण्ड का दिनांक],">="&DATE(2024,1,1), Table1[अग्निकाण्ड का दिनांक],"<="&EOMONTH(DATE(2024,1,1),0)) -> 0 | H22: =COUNTIFS(Table1[(जिस फायर स्टेशन क्षेत्रार्न्तागत अग्निकाण्ड हुआ हो)],Sheet2!E22,Table1[अग्निकाण्ड का दिनांक],">="&DATE(2024,2,1), Table1[अग्निकाण्ड का दिनांक],"<="&EOMONTH(DATE(2024,2,1),0)) -> 0 | J22: =COUNTIFS(Table1[(जिस फायर स्टेशन क्षेत्रार्न्तागत अग्निकाण्ड हुआ हो)],Sheet2!E22,Table1[अग्निकाण्ड का दिनांक],">="&DATE(2024,3,1), Table1[अग्निकाण्ड का दिनांक],"<="&EOMONTH(DATE(2024,3,1),0)) -> 0 | L22: =COUNTIFS(Table1[(जिस फायर स्टेशन क्षेत्रार्न्तागत अग्निकाण्ड हुआ हो)],Sheet2!E22,Table1[अग्निकाण्ड का दिनांक],">="&DATE(2024,4,1), Table1[अग्निकाण्ड का दिनांक],"<="&EOMONTH(DATE(2024,4,1),0)) -> 0 | N22: =COUNTIFS(Table1[(जिस फायर स्टेशन क्षेत्रार्न्तागत अग्निकाण्ड हुआ हो)],Sheet2!E22,Table1[अग्निकाण्ड का दिनांक],">="&DATE(2024,5,1), Table1[अग्निकाण्ड का दिनांक],"<="&EOMONTH(DATE(2024,5,1),0)) -> 0 | P22: =COUNTIFS(Table1[(जिस फायर स्टेशन क्षेत्रार्न्तागत अग्निकाण्ड हुआ हो)],Sheet2!E22,Table1[अग्निकाण्ड का दिनांक],">="&DATE(2024,6,1), Table1[अग्निकाण्ड का दिनांक],"<="&EOMONTH(DATE(2024,6,1),0)) -> 0 | R22: =COUNTIFS(Table1[(जिस फायर स्टेशन क्षेत्रार्न्तागत अग्निकाण्ड हुआ हो)],Sheet2!E22,Table1[अग्निकाण्ड का दिनांक],">="&DATE(2024,7,1), Table1[अग्निकाण्ड का दिनांक],"<="&EOMONTH(DATE(2024,7,1),0)) -> 0 | T22: =COUNTIFS(Table1[(जिस फायर स्टेशन क्षेत्रार्न्तागत अग्निकाण्ड हुआ हो)],Sheet2!E22,Table1[अग्निकाण्ड का दिनांक],">="&DATE(2024,8,1), Table1[अग्निकाण्ड का दिनांक],"<="&EOMONTH(DATE(2024,8,1),0)) -> 0 | V22: =COUNTIFS(Table1[(जिस फायर स्टेशन क्षेत्रार्न्तागत अग्निकाण्ड हुआ हो)],Sheet2!E22,Table1[अग्निकाण्ड का दिनांक],">="&DATE(2024,9,1), Table1[अग्निकाण्ड का दिनांक],"<="&EOMONTH(DATE(2024,9,1),0)) -> 0 | X22: =COUNTIFS(Table1[(जिस फायर स्टेशन क्षेत्रार्न्तागत अग्निकाण्ड हुआ हो)],Sheet2!E22,Table1[अग्निकाण्ड का दिनांक],">="&DATE(2024,10,1), Table1[अग्निकाण्ड का दिनांक],"<="&EOMONTH(DATE(2024,10,1),0)) -> 0 | Z22: =COUNTIFS(Table1[(जिस फायर स्टेशन क्षेत्रार्न्तागत अग्निकाण्ड हुआ हो)],Sheet2!E22,Table1[अग्निकाण्ड का दिनांक],">="&DATE(2024,11,1), Table1[अग्निकाण्ड का दिनांक],"<="&EOMONTH(DATE(2024,11,1),0)) -> 0 | AB22: =COUNTIFS(Table1[(जिस फायर स्टेशन क्षेत्रार्न्तागत अग्निकाण्ड हुआ हो)],Sheet2!E22,Table1[अग्निकाण्ड का दिनांक],">="&DATE(2024,12,1), Table1[अग्निकाण्ड का दिनांक],"<="&EOMONTH(DATE(2024,12,1),0)) -> 0 | AD22: =F22+H22+J22+L22+N22+P22+R22+T22+V22+X22+Z22+AB22 -> 0 | AE22: =G22+I22+K22+M22+O22+Q22+S22+U22+W22+Y22+AA22+AC22 -> 0
C23: 19 | D23: Pauri | E23: पौड़ी | F23: =COUNTIFS(Table1[(जिस फायर स्टेशन क्षेत्रार्न्तागत अग्निकाण्ड हुआ हो)],Sheet2!E23,Table1[अग्निकाण्ड का दिनांक],">="&DATE(2024,1,1), Table1[अग्निकाण्ड का दिनांक],"<="&EOMONTH(DATE(2024,1,1),0)) -> 0 | G23: 3 | H23: =COUNTIFS(Table1[(जिस फायर स्टेशन क्षेत्रार्न्तागत अग्निकाण्ड हुआ हो)],Sheet2!E23,Table1[अग्निकाण्ड का दिनांक],">="&DATE(2024,2,1), Table1[अग्निकाण्ड का दिनांक],"<="&EOMONTH(DATE(2024,2,1),0)) -> 0 | I23: 0 | J23: =COUNTIFS(Table1[(जिस फायर स्टेशन क्षेत्रार्न्तागत अग्निकाण्ड हुआ हो)],Sheet2!E23,Table1[अग्निकाण्ड का दिनांक],">="&DATE(2024,3,1), Table1[अग्निकाण्ड का दिनांक],"<="&EOMONTH(DATE(2024,3,1),0)) -> 0 | K23: 2 | L23: =COUNTIFS(Table1[(जिस फायर स्टेशन क्षेत्रार्न्तागत अग्निकाण्ड हुआ हो)],Sheet2!E23,Table1[अग्निकाण्ड का दिनांक],">="&DATE(2024,4,1), Table1[अग्निकाण्ड का दिनांक],"<="&EOMONTH(DATE(2024,4,1),0)) -> 0 | M23: 35 | N23: =COUNTIFS(Table1[(जिस फायर स्टेशन क्षेत्रार्न्तागत अग्निकाण्ड हुआ हो)],Sheet2!E23,Table1[अग्निकाण्ड का दिनांक],">="&DATE(2024,5,1), Table1[अग्निकाण्ड का दिनांक],"<="&EOMONTH(DATE(2024,5,1),0)) -> 0 | O23: 69 | P23: =COUNTIFS(Table1[(जिस फायर स्टेशन क्षेत्रार्न्तागत अग्निकाण्ड हुआ हो)],Sheet2!E23,Table1[अग्निकाण्ड का दिनांक],">="&DATE(2024,6,1), Table1[अग्निकाण्ड का दिनांक],"<="&EOMONTH(DATE(2024,6,1),0)) -> 56 | Q23: 48 | R23: =COUNTIFS(Table1[(जिस फायर स्टेशन क्षेत्रार्न्तागत अग्निकाण्ड हुआ हो)],Sheet2!E23,Table1[अग्निकाण्ड का दिनांक],">="&DATE(2024,7,1), Table1[अग्निकाण्ड का दिनांक],"<="&EOMONTH(DATE(2024,7,1),0)) -> 0 | S23: 1 | T23: =COUNTIFS(Table1[(जिस फायर स्टेशन क्षेत्रार्न्तागत अग्निकाण्ड हुआ हो)],Sheet2!E23,Table1[अग्निकाण्ड का दिनांक],">="&DATE(2024,8,1), Table1[अग्निकाण्ड का दिनांक],"<="&EOMONTH(DATE(2024,8,1),0)) -> 0 | U23: 0 | V23: =COUNTIFS(Table1[(जिस फायर स्टेशन क्षेत्रार्न्तागत अग्निकाण्ड हुआ हो)],Sheet2!E23,Table1[अग्निकाण्ड का दिनांक],">="&DATE(2024,9,1), Table1[अग्निकाण्ड का दिनांक],"<="&EOMONTH(DATE(2024,9,1),0)) -> 0 | W23: 0 | X23: =COUNTIFS(Table1[(जिस फायर स्टेशन क्षेत्रार्न्तागत अग्निकाण्ड हुआ हो)],Sheet2!E23,Table1[अग्निकाण्ड का दिनांक],">="&DATE(2024,10,1), Table1[अग्निकाण्ड का दिनांक],"<="&EOMONTH(DATE(2024,10,1),0)) -> 0 | Y23: 2 | Z23: =COUNTIFS(Table1[(जिस फायर स्टेशन क्षेत्रार्न्तागत अग्निकाण्ड हुआ हो)],Sheet2!E23,Table1[अग्निकाण्ड का दिनांक],">="&DATE(2024,11,1), Table1[अग्निकाण्ड का दिनांक],"<="&EOMONTH(DATE(2024,11,1),0)) -> 0 | AA23: 0 | AB23: =COUNTIFS(Table1[(जिस फायर स्टेशन क्षेत्रार्न्तागत अग्निकाण्ड हुआ हो)],Sheet2!E23,Table1[अग्निकाण्ड का दिनांक],">="&DATE(2024,12,1), Table1[अग्निकाण्ड का दिनांक],"<="&EOMONTH(DATE(2024,12,1),0)) -> 0 | AC23: 1 | AD23: =F23+H23+J23+L23+N23+P23+R23+T23+V23+X23+Z23+AB23 -> 56 | AE23: =G23+I23+K23+M23+O23+Q23+S23+U23+W23+Y23+AA23+AC23 -> 161
C24: 20 | E24: कोटद्वार | F24: =COUNTIFS(Table1[(जिस फायर स्टेशन क्षेत्रार्न्तागत अग्निकाण्ड हुआ हो)],Sheet2!E24,Table1[अग्निकाण्ड का दिनांक],">="&DATE(2024,1,1), Table1[अग्निकाण्ड का दिनांक],"<="&EOMONTH(DATE(2024,1,1),0)) -> 0 | G24: 1 | H24: =COUNTIFS(Table1[(जिस फायर स्टेशन क्षेत्रार्न्तागत अग्निकाण्ड हुआ हो)],Sheet2!E24,Table1[अग्निकाण्ड का दिनांक],">="&DATE(2024,2,1), Table1[अग्निकाण्ड का दिनांक],"<="&EOMONTH(DATE(2024,2,1),0)) -> 0 | I24: 1 | J24: =COUNTIFS(Table1[(जिस फायर स्टेशन क्षेत्रार्न्तागत अग्निकाण्ड हुआ हो)],Sheet2!E24,Table1[अग्निकाण्ड का दिनांक],">="&DATE(2024,3,1), Table1[अग्निकाण्ड का दिनांक],"<="&EOMONTH(DATE(2024,3,1),0)) -> 0 | K24: 4 | L24: =COUNTIFS(Table1[(जिस फायर स्टेशन क्षेत्रार्न्तागत अग्निकाण्ड हुआ हो)],Sheet2!E24,Table1[अग्निकाण्ड का दिनांक],">="&DATE(2024,4,1), Table1[अग्निकाण्ड का दिनांक],"<="&EOMONTH(DATE(2024,4,1),0)) -> 0 | M24: 14 | N24: =COUNTIFS(Table1[(जिस फायर स्टेशन क्षेत्रार्न्तागत अग्निकाण्ड हुआ हो)],Sheet2!E24,Table1[अग्निकाण्ड का दिनांक],">="&DATE(2024,5,1), Table1[अग्निकाण्ड का दिनांक],"<="&EOMONTH(DATE(2024,5,1),0)) -> 0 | O24: 25 | P24: =COUNTIFS(Table1[(जिस फायर स्टेशन क्षेत्रार्न्तागत अग्निकाण्ड हुआ हो)],Sheet2!E24,Table1[अग्निकाण्ड का दिनांक],">="&DATE(2024,6,1), Table1[अग्निकाण्ड का दिनांक],"<="&EOMONTH(DATE(2024,6,1),0)) -> 10 | Q24: 17 | R24: =COUNTIFS(Table1[(जिस फायर स्टेशन क्षेत्रार्न्तागत अग्निकाण्ड हुआ हो)],Sheet2!E24,Table1[अग्निकाण्ड का दिनांक],">="&DATE(2024,7,1), Table1[अग्निकाण्ड का दिनांक],"<="&EOMONTH(DATE(2024,7,1),0)) -> 0 | S24: 1 | T24: =COUNTIFS(Table1[(जिस फायर स्टेशन क्षेत्रार्न्तागत अग्निकाण्ड हुआ हो)],Sheet2!E24,Table1[अग्निकाण्ड का दिनांक],">="&DATE(2024,8,1), Table1[अग्निकाण्ड का दिनांक],"<="&EOMONTH(DATE(2024,8,1),0)) -> 0 | U24: 0 | V24: =COUNTIFS(Table1[(जिस फायर स्टेशन क्षेत्रार्न्तागत अग्निकाण्ड हुआ हो)],Sheet2!E24,Table1[अग्निकाण्ड का दिनांक],">="&DATE(2024,9,1), Table1[अग्निकाण्ड का दिनांक],"<="&EOMONTH(DATE(2024,9,1),0)) -> 0 | W24: 0 | X24: =COUNTIFS(Table1[(जिस फायर स्टेशन क्षेत्रार्न्तागत अग्निकाण्ड हुआ हो)],Sheet2!E24,Table1[अग्निकाण्ड का दिनांक],">="&DATE(2024,10,1), Table1[अग्निकाण्ड का दिनांक],"<="&EOMONTH(DATE(2024,10,1),0)) -> 0 | Y24: 3 | Z24: =COUNTIFS(Table1[(जिस फायर स्टेशन क्षेत्रार्न्तागत अग्निकाण्ड हुआ हो)],Sheet2!E24,Table1[अग्निकाण्ड का दिनांक],">="&DATE(2024,11,1), Table1[अग्निकाण्ड का दिनांक],"<="&EOMONTH(DATE(2024,11,1),0)) -> 0 | AA24: 4 | AB24: =COUNTIFS(Table1[(जिस फायर स्टेशन क्षेत्रार्न्तागत अग्निकाण्ड हुआ हो)],Sheet2!E24,Table1[अग्निकाण्ड का दिनांक],">="&DATE(2024,12,1), Table1[अग्निकाण्ड का दिनांक],"<="&EOMONTH(DATE(2024,12,1),0)) -> 0 | AC24: 2 | AD24: =F24+H24+J24+L24+N24+P24+R24+T24+V24+X24+Z24+AB24 -> 10 | AE24: =G24+I24+K24+M24+O24+Q24+S24+U24+W24+Y24+AA24+AC24 -> 72
C25: 21 | E25: श्रीनगर | F25: =COUNTIFS(Table1[(जिस फायर स्टेशन क्षेत्रार्न्तागत अग्निकाण्ड हुआ हो)],Sheet2!E25,Table1[अग्निकाण्ड का दिनांक],">="&DATE(2024,1,1), Table1[अग्निकाण्ड का दिनांक],"<="&EOMONTH(DATE(2024,1,1),0)) -> 0 | G25: 0 | H25: =COUNTIFS(Table1[(जिस फायर स्टेशन क्षेत्रार्न्तागत अग्निकाण्ड हुआ हो)],Sheet2!E25,Table1[अग्निकाण्ड का दिनांक],">="&DATE(2024,2,1), Table1[अग्निकाण्ड का दिनांक],"<="&EOMONTH(DATE(2024,2,1),0)) -> 0 | I25: 2 | J25: =COUNTIFS(Table1[(जिस फायर स्टेशन क्षेत्रार्न्तागत अग्निकाण्ड हुआ हो)],Sheet2!E25,Table1[अग्निकाण्ड का दिनांक],">="&DATE(2024,3,1), Table1[अग्निकाण्ड का दिनांक],"<="&EOMONTH(DATE(2024,3,1),0)) -> 0 | K25: 2 | L25: =COUNTIFS(Table1[(जिस फायर स्टेशन क्षेत्रार्न्तागत अग्निकाण्ड हुआ हो)],Sheet2!E25,Table1[अग्निकाण्ड का दिनांक],">="&DATE(2024,4,1), Table1[अग्निकाण्ड का दिनांक],"<="&EOMONTH(DATE(2024,4,1),0)) -> 0 | M25: 23 | N25: =COUNTIFS(Table1[(जिस फायर स्टेशन क्षेत्रार्न्तागत अग्निकाण्ड हुआ हो)],Sheet2!E25,Table1[अग्निकाण्ड का दिनांक],">="&DATE(2024,5,1), Table1[अग्निकाण्ड का दिनांक],"<="&EOMONTH(DATE(2024,5,1),0)) -> 0 | O25: 33 | P25: =COUNTIFS(Table1[(जिस फायर स्टेशन क्षेत्रार्न्तागत अग्निकाण्ड हुआ हो)],Sheet2!E25,Table1[अग्निकाण्ड का दिनांक],">="&DATE(2024,6,1), Table1[अग्निकाण्ड का दिनांक],"<="&EOMONTH(DATE(2024,6,1),0)) -> 7 | Q25: 7 | R25: =COUNTIFS(Table1[(जिस फायर स्टेशन क्षेत्रार्न्तागत अग्निकाण्ड हुआ हो)],Sheet2!E25,Table1[अग्निकाण्ड का दिनांक],">="&DATE(2024,7,1), Table1[अग्निकाण्ड का दिनांक],"<="&EOMONTH(DATE(2024,7,1),0)) -> 0 | S25: 1 | T25: =COUNTIFS(Table1[(जिस फायर स्टेशन क्षेत्रार्न्तागत अग्निकाण्ड हुआ हो)],Sheet2!E25,Table1[अग्निकाण्ड का दिनांक],">="&DATE(2024,8,1), Table1[अग्निकाण्ड का दिनांक],"<="&EOMONTH(DATE(2024,8,1),0)) -> 0 | U25: 1 | V25: =COUNTIFS(Table1[(जिस फायर स्टेशन क्षेत्रार्न्तागत अग्निकाण्ड हुआ हो)],Sheet2!E25,Table1[अग्निकाण्ड का दिनांक],">="&DATE(2024,9,1), Table1[अग्निकाण्ड का दिनांक],"<="&EOMONTH(DATE(2024,9,1),0)) -> 0 | W25: 0 | X25: =COUNTIFS(Table1[(जिस फायर स्टेशन क्षेत्रार्न्तागत अग्निकाण्ड हुआ हो)],Sheet2!E25,Table1[अग्निकाण्ड का दिनांक],">="&DATE(2024,10,1), Table1[अग्निकाण्ड का दिनांक],"<="&EOMONTH(DATE(2024,10,1),0)) -> 0 | Y25: 0 | Z25: =COUNTIFS(Table1[(जिस फायर स्टेशन क्षेत्रार्न्तागत अग्निकाण्ड हुआ हो)],Sheet2!E25,Table1[अग्निकाण्ड का दिनांक],">="&DATE(2024,11,1), Table1[अग्निकाण्ड का दिनांक],"<="&EOMONTH(DATE(2024,11,1),0)) -> 0 | AA25: 2 | AB25: =COUNTIFS(Table1[(जिस फायर स्टेशन क्षेत्रार्न्तागत अग्निकाण्ड हुआ हो)],Sheet2!E25,Table1[अग्निकाण्ड का दिनांक],">="&DATE(2024,12,1), Table1[अग्निकाण्ड का दिनांक],"<="&EOMONTH(DATE(2024,12,1),0)) -> 0 | AC25: 1 | AD25: =F25+H25+J25+L25+N25+P25+R25+T25+V25+X25+Z25+AB25 -> 7 | AE25: =G25+I25+K25+M25+O25+Q25+S25+U25+W25+Y25+AA25+AC25 -> 72
C26: 22 | E26: थलीसैंण | F26: =COUNTIFS(Table1[(जिस फायर स्टेशन क्षेत्रार्न्तागत अग्निकाण्ड हुआ हो)],Sheet2!E26,Table1[अग्निकाण्ड का दिनांक],">="&DATE(2024,1,1), Table1[अग्निकाण्ड का दिनांक],"<="&EOMONTH(DATE(2024,1,1),0)) -> 0 | G26: 0 | H26: =COUNTIFS(Table1[(जिस फायर स्टेशन क्षेत्रार्न्तागत अग्निकाण्ड हुआ हो)],Sheet2!E26,Table1[अग्निकाण्ड का दिनांक],">="&DATE(2024,2,1), Table1[अग्निकाण्ड का दिनांक],"<="&EOMONTH(DATE(2024,2,1),0)) -> 0 | I26: 0 | J26: =COUNTIFS(Table1[(जिस फायर स्टेशन क्षेत्रार्न्तागत अग्निकाण्ड हुआ हो)],Sheet2!E26,Table1[अग्निकाण्ड का दिनांक],">="&DATE(2024,3,1), Table1[अग्निकाण्ड का दिनांक],"<="&EOMONTH(DATE(2024,3,1),0)) -> 0 | K26: 0 | L26: =COUNTIFS(Table1[(जिस फायर स्टेशन क्षेत्रार्न्तागत अग्निकाण्ड हुआ हो)],Sheet2!E26,Table1[अग्निकाण्ड का दिनांक],">="&DATE(2024,4,1), Table1[अग्निकाण्ड का दिनांक],"<="&EOMONTH(DATE(2024,4,1),0)) -> 0 | M26: 0 | N26: =COUNTIFS(Table1[(जिस फायर स्टेशन क्षेत्रार्न्तागत अग्निकाण्ड हुआ हो)],Sheet2!E26,Table1[अग्निकाण्ड का दिनांक],">="&DATE(2024,5,1), Table1[अग्निकाण्ड का दिनांक],"<="&EOMONTH(DATE(2024,5,1),0)) -> 0 | O26: 3 | P26: =COUNTIFS(Table1[(जिस फायर स्टेशन क्षेत्रार्न्तागत अग्निकाण्ड हुआ हो)],Sheet2!E26,Table1[अग्निकाण्ड का दिनांक],">="&DATE(2024,6,1), Table1[अग्निकाण्ड का दिनांक],"<="&EOMONTH(DATE(2024,6,1),0)) -> 0 | Q26: 3 | R26: =COUNTIFS(Table1[(जिस फायर स्टेशन क्षेत्रार्न्तागत अग्निकाण्ड हुआ हो)],Sheet2!E26,Table1[अग्निकाण्ड का दिनांक],">="&DATE(2024,7,1), Table1[अग्निकाण्ड का दिनांक],"<="&EOMONTH(DATE(2024,7,1),0)) -> 0 | S26: 0 | T26: =COUNTIFS(Table1[(जिस फायर स्टेशन क्षेत्रार्न्तागत अग्निकाण्ड हुआ हो)],Sheet2!E26,Table1[अग्निकाण्ड का दिनांक],">="&DATE(2024,8,1), Table1[अग्निकाण्ड का दिनांक],"<="&EOMONTH(DATE(2024,8,1),0)) -> 0 | U26: 1 | V26: =COUNTIFS(Table1[(जिस फायर स्टेशन क्षेत्रार्न्तागत अग्निकाण्ड हुआ हो)],Sheet2!E26,Table1[अग्निकाण्ड का दिनांक],">="&DATE(2024,9,1), Table1[अग्निकाण्ड का दिनांक],"<="&EOMONTH(DATE(2024,9,1),0)) -> 0 | W26: 0 | X26: =COUNTIFS(Table1[(जिस फायर स्टेशन क्षेत्रार्न्तागत अग्निकाण्ड हुआ हो)],Sheet2!E26,Table1[अग्निकाण्ड का दिनांक],">="&DATE(2024,10,1), Table1[अग्निकाण्ड का दिनांक],"<="&EOMONTH(DATE(2024,10,1),0)) -> 0 | Y26: 0 | Z26: =COUNTIFS(Table1[(जिस फायर स्टेशन क्षेत्रार्न्तागत अग्निकाण्ड हुआ हो)],Sheet2!E26,Table1[अग्निकाण्ड का दिनांक],">="&DATE(2024,11,1), Table1[अग्निकाण्ड का दिनांक],"<="&EOMONTH(DATE(2024,11,1),0)) -> 0 | AA26: 0 | AB26: =COUNTIFS(Table1[(जिस फायर स्टेशन क्षेत्रार्न्तागत अग्निकाण्ड हुआ हो)],Sheet2!E26,Table1[अग्निकाण्ड का दिनांक],">="&DATE(2024,12,1), Table1[अग्निकाण्ड का दिनांक],"<="&EOMONTH(DATE(2024,12,1),0)) -> 0 | AC26: 0 | AD26: =F26+H26+J26+L26+N26+P26+R26+T26+V26+X26+Z26+AB26 -> 0 | AE26: =G26+I26+K26+M26+O26+Q26+S26+U26+W26+Y26+AA26+AC26 -> 7
C27: 23 | D27: Chamoli | E27: गोपेश्वर | F27: =COUNTIFS(Table1[(जिस फायर स्टेशन क्षेत्रार्न्तागत अग्निकाण्ड हुआ हो)],Sheet2!E27,Table1[अग्निकाण्ड का दिनांक],">="&DATE(2024,1,1), Table1[अग्निकाण्ड का दिनांक],"<="&EOMONTH(DATE(2024,1,1),0)) -> 0 | G27: 2 | H27: =COUNTIFS(Table1[(जिस फायर स्टेशन क्षेत्रार्न्तागत अग्निकाण्ड हुआ हो)],Sheet2!E27,Table1[अग्निकाण्ड का दिनांक],">="&DATE(2024,2,1), Table1[अग्निकाण्ड का दिनांक],"<="&EOMONTH(DATE(2024,2,1),0)) -> 0 | I27: 1 | J27: =COUNTIFS(Table1[(जिस फायर स्टेशन क्षेत्रार्न्तागत अग्निकाण्ड हुआ हो)],Sheet2!E27,Table1[अग्निकाण्ड का दिनांक],">="&DATE(2024,3,1), Table1[अग्निकाण्ड का दिनांक],"<="&EOMONTH(DATE(2024,3,1),0)) -> 0 | K27: 4 | L27: =COUNTIFS(Table1[(जिस फायर स्टेशन क्षेत्रार्न्तागत अग्निकाण्ड हुआ हो)],Sheet2!E27,Table1[अग्निकाण्ड का दिनांक],">="&DATE(2024,4,1), Table1[अग्निकाण्ड का दिनांक],"<="&EOMONTH(DATE(2024,4,1),0)) -> 0 | M27: 19 | N27: =COUNTIFS(Table1[(जिस फायर स्टेशन क्षेत्रार्न्तागत अग्निकाण्ड हुआ हो)],Sheet2!E27,Table1[अग्निकाण्ड का दिनांक],">="&DATE(2024,5,1), Table1[अग्निकाण्ड का दिनांक],"<="&EOMONTH(DATE(2024,5,1),0)) -> 0 | O27: 23 | P27: =COUNTIFS(Table1[(जिस फायर स्टेशन क्षेत्रार्न्तागत अग्निकाण्ड हुआ हो)],Sheet2!E27,Table1[अग्निकाण्ड का दिनांक],">="&DATE(2024,6,1), Table1[अग्निकाण्ड का दिनांक],"<="&EOMONTH(DATE(2024,6,1),0)) -> 3 | Q27: 3 | R27: =COUNTIFS(Table1[(जिस फायर स्टेशन क्षेत्रार्न्तागत अग्निकाण्ड हुआ हो)],Sheet2!E27,Table1[अग्निकाण्ड का दिनांक],">="&DATE(2024,7,1), Table1[अग्निकाण्ड का दिनांक],"<="&EOMONTH(DATE(2024,7,1),0)) -> 0 | S27: 1 | T27: =COUNTIFS(Table1[(जिस फायर स्टेशन क्षेत्रार्न्तागत अग्निकाण्ड हुआ हो)],Sheet2!E27,Table1[अग्निकाण्ड का दिनांक],">="&DATE(2024,8,1), Table1[अग्निकाण्ड का दिनांक],"<="&EOMONTH(DATE(2024,8,1),0)) -> 0 | U27: 1 | V27: =COUNTIFS(Table1[(जिस फायर स्टेशन क्षेत्रार्न्तागत अग्निकाण्ड हुआ हो)],Sheet2!E27,Table1[अग्निकाण्ड का दिनांक],">="&DATE(2024,9,1), Table1[अग्निकाण्ड का दिनांक],"<="&EOMONTH(DATE(2024,9,1),0)) -> 0 | W27: 2 | X27: =COUNTIFS(Table1[(जिस फायर स्टेशन क्षेत्रार्न्तागत अग्निकाण्ड हुआ हो)],Sheet2!E27,Table1[अग्निकाण्ड का दिनांक],">="&DATE(2024,10,1), Table1[अग्निकाण्ड का दिनांक],"<="&EOMONTH(DATE(2024,10,1),0)) -> 0 | Y27: 0 | Z27: =COUNTIFS(Table1[(जिस फायर स्टेशन क्षेत्रार्न्तागत अग्निकाण्ड हुआ हो)],Sheet2!E27,Table1[अग्निकाण्ड का दिनांक],">="&DATE(2024,11,1), Table1[अग्निकाण्ड का दिनांक],"<="&EOMONTH(DATE(2024,11,1),0)) -> 0 | AA27: 0 | AB27: =COUNTIFS(Table1[(जिस फायर स्टेशन क्षेत्रार्न्तागत अग्निकाण्ड हुआ हो)],Sheet2!E27,Table1[अग्निकाण्ड का दिनांक],">="&DATE(2024,12,1), Table1[अग्निकाण्ड का दिनांक],"<="&EOMONTH(DATE(2024,12,1),0)) -> 0 | AC27: 0 | AD27: =F27+H27+J27+L27+N27+P27+R27+T27+V27+X27+Z27+AB27 -> 3 | AE27: =G27+I27+K27+M27+O27+Q27+S27+U27+W27+Y27+AA27+AC27 -> 56
C28: 24 | E28: ज्योतिर्मठ | F28: =COUNTIFS(Table1[(जिस फायर स्टेशन क्षेत्रार्न्तागत अग्निकाण्ड हुआ हो)],Sheet2!E28,Table1[अग्निकाण्ड का दिनांक],">="&DATE(2024,1,1), Table1[अग्निकाण्ड का दिनांक],"<="&EOMONTH(DATE(2024,1,1),0)) -> 0 | G28: 1 | H28: =COUNTIFS(Table1[(जिस फायर स्टेशन क्षेत्रार्न्तागत अग्निकाण्ड हुआ हो)],Sheet2!E28,Table1[अग्निकाण्ड का दिनांक],">="&DATE(2024,2,1), Table1[अग्निकाण्ड का दिनांक],"<="&EOMONTH(DATE(2024,2,1),0)) -> 0 | I28: 0 | J28: =COUNTIFS(Table1[(जिस फायर स्टेशन क्षेत्रार्न्तागत अग्निकाण्ड हुआ हो)],Sheet2!E28,Table1[अग्निकाण्ड का दिनांक],">="&DATE(2024,3,1), Table1[अग्निकाण्ड का दिनांक],"<="&EOMONTH(DATE(2024,3,1),0)) -> 0 | K28: 1 | L28: =COUNTIFS(Table1[(जिस फायर स्टेशन क्षेत्रार्न्तागत अग्निकाण्ड हुआ हो)],Sheet2!E28,Table1[अग्निकाण्ड का दिनांक],">="&DATE(2024,4,1), Table1[अग्निकाण्ड का दिनांक],"<="&EOMONTH(DATE(2024,4,1),0)) -> 0 | M28: 1 | N28: =COUNTIFS(Table1[(जिस फायर स्टेशन क्षेत्रार्न्तागत अग्निकाण्ड हुआ हो)],Sheet2!E28,Table1[अग्निकाण्ड का दिनांक],">="&DATE(2024,5,1), Table1[अग्निकाण्ड का दिनांक],"<="&EOMONTH(DATE(2024,5,1),0)) -> 0 | O28: 1 | P28: =COUNTIFS(Table1[(जिस फायर स्टेशन क्षेत्रार्न्तागत अग्निकाण्ड हुआ हो)],Sheet2!E28,Table1[अग्निकाण्ड का दिनांक],">="&DATE(2024,6,1), Table1[अग्निकाण्ड का दिनांक],"<="&EOMONTH(DATE(2024,6,1),0)) -> 0 | Q28: 10 | R28: =COUNTIFS(Table1[(जिस फायर स्टेशन क्षेत्रार्न्तागत अग्निकाण्ड हुआ हो)],Sheet2!E28,Table1[अग्निकाण्ड का दिनांक],">="&DATE(2024,7,1), Table1[अग्निकाण्ड का दिनांक],"<="&EOMONTH(DATE(2024,7,1),0)) -> 0 | S28: 0 | T28: =COUNTIFS(Table1[(जिस फायर स्टेशन क्षेत्रार्न्तागत अग्निकाण्ड हुआ हो)],Sheet2!E28,Table1[अग्निकाण्ड का दिनांक],">="&DATE(2024,8,1), Table1[अग्निकाण्ड का दिनांक],"<="&EOMONTH(DATE(2024,8,1),0)) -> 0 | U28: 0 | V28: =COUNTIFS(Table1[(जिस फायर स्टेशन क्षेत्रार्न्तागत अग्निकाण्ड हुआ हो)],Sheet2!E28,Table1[अग्निकाण्ड का दिनांक],">="&DATE(2024,9,1), Table1[अग्निकाण्ड का दिनांक],"<="&EOMONTH(DATE(2024,9,1),0)) -> 0 | W28: 0 | X28: =COUNTIFS(Table1[(जिस फायर स्टेशन क्षेत्रार्न्तागत अग्निकाण्ड हुआ हो)],Sheet2!E28,Table1[अग्निकाण्ड का दिनांक],">="&DATE(2024,10,1), Table1[अग्निकाण्ड का दिनांक],"<="&EOMONTH(DATE(2024,10,1),0)) -> 0 | Y28: 1 | Z28: =COUNTIFS(Table1[(जिस फायर स्टेशन क्षेत्रार्न्तागत अग्निकाण्ड हुआ हो)],Sheet2!E28,Table1[अग्निकाण्ड का दिनांक],">="&DATE(2024,11,1), Table1[अग्निकाण्ड का दिनांक],"<="&EOMONTH(DATE(2024,11,1),0)) -> 0 | AA28: 0 | AB28: =COUNTIFS(Table1[(जिस फायर स्टेशन क्षेत्रार्न्तागत अग्निकाण्ड हुआ हो)],Sheet2!E28,Table1[अग्निकाण्ड का दिनांक],">="&DATE(2024,12,1), Table1[अग्निकाण्ड का दिनांक],"<="&EOMONTH(DATE(2024,12,1),0)) -> 0 | AC28: 0 | AD28: =F28+H28+J28+L28+N28+P28+R28+T28+V28+X28+Z28+AB28 -> 0 | AE28: =G28+I28+K28+M28+O28+Q28+S28+U28+W28+Y28+AA28+AC28 -> 15
C29: 25 | E29: गैरसैंण | F29: =COUNTIFS(Table1[(जिस फायर स्टेशन क्षेत्रार्न्तागत अग्निकाण्ड हुआ हो)],Sheet2!E29,Table1[अग्निकाण्ड का दिनांक],">="&DATE(2024,1,1), Table1[अग्निकाण्ड का दिनांक],"<="&EOMONTH(DATE(2024,1,1),0)) -> 0 | H29: =COUNTIFS(Table1[(जिस फायर स्टेशन क्षेत्रार्न्तागत अग्निकाण्ड हुआ हो)],Sheet2!E29,Table1[अग्निकाण्ड का दिनांक],">="&DATE(2024,2,1), Table1[अग्निकाण्ड का दिनांक],"<="&EOMONTH(DATE(2024,2,1),0)) -> 0 | J29: =COUNTIFS(Table1[(जिस फायर स्टेशन क्षेत्रार्न्तागत अग्निकाण्ड हुआ हो)],Sheet2!E29,Table1[अग्निकाण्ड का दिनांक],">="&DATE(2024,3,1), Table1[अग्निकाण्ड का दिनांक],"<="&EOMONTH(DATE(2024,3,1),0)) -> 0 | L29: =COUNTIFS(Table1[(जिस फायर स्टेशन क्षेत्रार्न्तागत अग्निकाण्ड हुआ हो)],Sheet2!E29,Table1[अग्निकाण्ड का दिनांक],">="&DATE(2024,4,1), Table1[अग्निकाण्ड का दिनांक],"<="&EOMONTH(DATE(2024,4,1),0)) -> 0 | N29: =COUNTIFS(Table1[(जिस फायर स्टेशन क्षेत्रार्न्तागत अग्निकाण्ड हुआ हो)],Sheet2!E29,Table1[अग्निकाण्ड का दिनांक],">="&DATE(2024,5,1), Table1[अग्निकाण्ड का दिनांक],"<="&EOMONTH(DATE(2024,5,1),0)) -> 0 | P29: =COUNTIFS(Table1[(जिस फायर स्टेशन क्षेत्रार्न्तागत अग्निकाण्ड हुआ हो)],Sheet2!E29,Table1[अग्निकाण्ड का दिनांक],">="&DATE(2024,6,1), Table1[अग्निकाण्ड का दिनांक],"<="&EOMONTH(DATE(2024,6,1),0)) -> 0 | R29: =COUNTIFS(Table1[(जिस फायर स्टेशन क्षेत्रार्न्तागत अग्निकाण्ड हुआ हो)],Sheet2!E29,Table1[अग्निकाण्ड का दिनांक],">="&DATE(2024,7,1), Table1[अग्निकाण्ड का दिनांक],"<="&EOMONTH(DATE(2024,7,1),0)) -> 0 | T29: =COUNTIFS(Table1[(जिस फायर स्टेशन क्षेत्रार्न्तागत अग्निकाण्ड हुआ हो)],Sheet2!E29,Table1[अग्निकाण्ड का दिनांक],">="&DATE(2024,8,1), Table1[अग्निकाण्ड का दिनांक],"<="&EOMONTH(DATE(2024,8,1),0)) -> 0 | V29: =COUNTIFS(Table1[(जिस फायर स्टेशन क्षेत्रार्न्तागत अग्निकाण्ड हुआ हो)],Sheet2!E29,Table1[अग्निकाण्ड का दिनांक],">="&DATE(2024,9,1), Table1[अग्निकाण्ड का दिनांक],"<="&EOMONTH(DATE(2024,9,1),0)) -> 0 | X29: =COUNTIFS(Table1[(जिस फायर स्टेशन क्षेत्रार्न्तागत अग्निकाण्ड हुआ हो)],Sheet2!E29,Table1[अग्निकाण्ड का दिनांक],">="&DATE(2024,10,1), Table1[अग्निकाण्ड का दिनांक],"<="&EOMONTH(DATE(2024,10,1),0)) -> 0 | Z29: =COUNTIFS(Table1[(जिस फायर स्टेशन क्षेत्रार्न्तागत अग्निकाण्ड हुआ हो)],Sheet2!E29,Table1[अग्निकाण्ड का दिनांक],">="&DATE(2024,11,1), Table1[अग्निकाण्ड का दिनांक],"<="&EOMONTH(DATE(2024,11,1),0)) -> 0 | AB29: =COUNTIFS(Table1[(जिस फायर स्टेशन क्षेत्रार्न्तागत अग्निकाण्ड हुआ हो)],Sheet2!E29,Table1[अग्निकाण्ड का दिनांक],">="&DATE(2024,12,1), Table1[अग्निकाण्ड का दिनांक],"<="&EOMONTH(DATE(2024,12,1),0)) -> 0 | AD29: =F29+H29+J29+L29+N29+P29+R29+T29+V29+X29+Z29+AB29 -> 0 | AE29: =G29+I29+K29+M29+O29+Q29+S29+U29+W29+Y29+AA29+AC29 -> 0
C30: 26 | E30: बद्रीनाथ | F30: =COUNTIFS(Table1[(जिस फायर स्टेशन क्षेत्रार्न्तागत अग्निकाण्ड हुआ हो)],Sheet2!E30,Table1[अग्निकाण्ड का दिनांक],">="&DATE(2024,1,1), Table1[अग्निकाण्ड का दिनांक],"<="&EOMONTH(DATE(2024,1,1),0)) -> 0 | H30: =COUNTIFS(Table1[(जिस फायर स्टेशन क्षेत्रार्न्तागत अग्निकाण्ड हुआ हो)],Sheet2!E30,Table1[अग्निकाण्ड का दिनांक],">="&DATE(2024,2,1), Table1[अग्निकाण्ड का दिनांक],"<="&EOMONTH(DATE(2024,2,1),0)) -> 0 | J30: =COUNTIFS(Table1[(जिस फायर स्टेशन क्षेत्रार्न्तागत अग्निकाण्ड हुआ हो)],Sheet2!E30,Table1[अग्निकाण्ड का दिनांक],">="&DATE(2024,3,1), Table1[अग्निकाण्ड का दिनांक],"<="&EOMONTH(DATE(2024,3,1),0)) -> 0 | L30: =COUNTIFS(Table1[(जिस फायर स्टेशन क्षेत्रार्न्तागत अग्निकाण्ड हुआ हो)],Sheet2!E30,Table1[अग्निकाण्ड का दिनांक],">="&DATE(2024,4,1), Table1[अग्निकाण्ड का दिनांक],"<="&EOMONTH(DATE(2024,4,1),0)) -> 0 | N30: =COUNTIFS(Table1[(जिस फायर स्टेशन क्षेत्रार्न्तागत अग्निकाण्ड हुआ हो)],Sheet2!E30,Table1[अग्निकाण्ड का दिनांक],">="&DATE(2024,5,1), Table1[अग्निकाण्ड का दिनांक],"<="&EOMONTH(DATE(2024,5,1),0)) -> 0 | P30: =COUNTIFS(Table1[(जिस फायर स्टेशन क्षेत्रार्न्तागत अग्निकाण्ड हुआ हो)],Sheet2!E30,Table1[अग्निकाण्ड का दिनांक],">="&DATE(2024,6,1), Table1[अग्निकाण्ड का दिनांक],"<="&EOMONTH(DATE(2024,6,1),0)) -> 0 | R30: =COUNTIFS(Table1[(जिस फायर स्टेशन क्षेत्रार्न्तागत अग्निकाण्ड हुआ हो)],Sheet2!E30,Table1[अग्निकाण्ड का दिनांक],">="&DATE(2024,7,1), Table1[अग्निकाण्ड का दिनांक],"<="&EOMONTH(DATE(2024,7,1),0)) -> 0 | T30: =COUNTIFS(Table1[(जिस फायर स्टेशन क्षेत्रार्न्तागत अग्निकाण्ड हुआ हो)],Sheet2!E30,Table1[अग्निकाण्ड का दिनांक],">="&DATE(2024,8,1), Table1[अग्निकाण्ड का दिनांक],"<="&EOMONTH(DATE(2024,8,1),0)) -> 0 | V30: =COUNTIFS(Table1[(जिस फायर स्टेशन क्षेत्रार्न्तागत अग्निकाण्ड हुआ हो)],Sheet2!E30,Table1[अग्निकाण्ड का दिनांक],">="&DATE(2024,9,1), Table1[अग्निकाण्ड का दिनांक],"<="&EOMONTH(DATE(2024,9,1),0)) -> 0 | X30: =COUNTIFS(Table1[(जिस फायर स्टेशन क्षेत्रार्न्तागत अग्निकाण्ड हुआ हो)],Sheet2!E30,Table1[अग्निकाण्ड का दिनांक],">="&DATE(2024,10,1), Table1[अग्निकाण्ड का दिनांक],"<="&EOMONTH(DATE(2024,10,1),0)) -> 0 | Z30: =COUNTIFS(Table1[(जिस फायर स्टेशन क्षेत्रार्न्तागत अग्निकाण्ड हुआ हो)],Sheet2!E30,Table1[अग्निकाण्ड का दिनांक],">="&DATE(2024,11,1), Table1[अग्निकाण्ड का दिनांक],"<="&EOMONTH(DATE(2024,11,1),0)) -> 0 | AB30: =COUNTIFS(Table1[(जिस फायर स्टेशन क्षेत्रार्न्तागत अग्निकाण्ड हुआ हो)],Sheet2!E30,Table1[अग्निकाण्ड का दिनांक],">="&DATE(2024,12,1), Table1[अग्निकाण्ड का दिनांक],"<="&EOMONTH(DATE(2024,12,1),0)) -> 0 | AD30: =F30+H30+J30+L30+N30+P30+R30+T30+V30+X30+Z30+AB30 -> 0 | AE30: =G30+I30+K30+M30+O30+Q30+S30+U30+W30+Y30+AA30+AC30 -> 0
C31: 27 | D31: Rudraprayag | E31: रूद्रप्रयाग | F31: =COUNTIFS(Table1[(जिस फायर स्टेशन क्षेत्रार्न्तागत अग्निकाण्ड हुआ हो)],Sheet2!E31,Table1[अग्निकाण्ड का दिनांक],">="&DATE(2024,1,1), Table1[अग्निकाण्ड का दिनांक],"<="&EOMONTH(DATE(2024,1,1),0)) -> 0 | G31: 2 | H31: =COUNTIFS(Table1[(जिस फायर स्टेशन क्षेत्रार्न्तागत अग्निकाण्ड हुआ हो)],Sheet2!E31,Table1[अग्निकाण्ड का दिनांक],">="&DATE(2024,2,1), Table1[अग्निकाण्ड का दिनांक],"<="&EOMONTH(DATE(2024,2,1),0)) -> 0 | I31: 4 | J31: =COUNTIFS(Table1[(जिस फायर स्टेशन क्षेत्रार्न्तागत अग्निकाण्ड हुआ हो)],Sheet2!E31,Table1[अग्निकाण्ड का दिनांक],">="&DATE(2024,3,1), Table1[अग्निकाण्ड का दिनांक],"<="&EOMONTH(DATE(2024,3,1),0)) -> 0 | K31: 4 | L31: =COUNTIFS(Table1[(जिस फायर स्टेशन क्षेत्रार्न्तागत अग्निकाण्ड हुआ हो)],Sheet2!E31,Table1[अग्निकाण्ड का दिनांक],">="&DATE(2024,4,1), Table1[अग्निकाण्ड का दिनांक],"<="&EOMONTH(DATE(2024,4,1),0)) -> 0 | M31: 18 | N31: =COUNTIFS(Table1[(जिस फायर स्टेशन क्षेत्रार्न्तागत अग्निकाण्ड हुआ हो)],Sheet2!E31,Table1[अग्निकाण्ड का दिनांक],">="&DATE(2024,5,1), Table1[अग्निकाण्ड का दिनांक],"<="&EOMONTH(DATE(2024,5,1),0)) -> 0 | O31: 10 | P31: =COUNTIFS(Table1[(जिस फायर स्टेशन क्षेत्रार्न्तागत अग्निकाण्ड हुआ हो)],Sheet2!E31,Table1[अग्निकाण्ड का दिनांक],">="&DATE(2024,6,1), Table1[अग्निकाण्ड का दिनांक],"<="&EOMONTH(DATE(2024,6,1),0)) -> 3 | Q31: 3 | R31: =COUNTIFS(Table1[(जिस फायर स्टेशन क्षेत्रार्न्तागत अग्निकाण्ड हुआ हो)],Sheet2!E31,Table1[अग्निकाण्ड का दिनांक],">="&DATE(2024,7,1), Table1[अग्निकाण्ड का दिनांक],"<="&EOMONTH(DATE(2024,7,1),0)) -> 0 | S31: 0 | T31: =COUNTIFS(Table1[(जिस फायर स्टेशन क्षेत्रार्न्तागत अग्निकाण्ड हुआ हो)],Sheet2!E31,Table1[अग्निकाण्ड का दिनांक],">="&DATE(2024,8,1), Table1[अग्निकाण्ड का दिनांक],"<="&EOMONTH(DATE(2024,8,1),0)) -> 0 | U31: 0 | V31: =COUNTIFS(Table1[(जिस फायर स्टेशन क्षेत्रार्न्तागत अग्निकाण्ड हुआ हो)],Sheet2!E31,Table1[अग्निकाण्ड का दिनांक],">="&DATE(2024,9,1), Table1[अग्निकाण्ड का दिनांक],"<="&EOMONTH(DATE(2024,9,1),0)) -> 0 | W31: 0 | X31: =COUNTIFS(Table1[(जिस फायर स्टेशन क्षेत्रार्न्तागत अग्निकाण्ड हुआ हो)],Sheet2!E31,Table1[अग्निकाण्ड का दिनांक],">="&DATE(2024,10,1), Table1[अग्निकाण्ड का दिनांक],"<="&EOMONTH(DATE(2024,10,1),0)) -> 0 | Y31: 3 | Z31: =COUNTIFS(Table1[(जिस फायर स्टेशन क्षेत्रार्न्तागत अग्निकाण्ड हुआ हो)],Sheet2!E31,Table1[अग्निकाण्ड का दिनांक],">="&DATE(2024,11,1), Table1[अग्निकाण्ड का दिनांक],"<="&EOMONTH(DATE(2024,11,1),0)) -> 0 | AA31: 0 | AB31: =COUNTIFS(Table1[(जिस फायर स्टेशन क्षेत्रार्न्तागत अग्निकाण्ड हुआ हो)],Sheet2!E31,Table1[अग्निकाण्ड का दिनांक],">="&DATE(2024,12,1), Table1[अग्निकाण्ड का दिनांक],"<="&EOMONTH(DATE(2024,12,1),0)) -> 0 | AC31: 1 | AD31: =F31+H31+J31+L31+N31+P31+R31+T31+V31+X31+Z31+AB31 -> 3 | AE31: =G31+I31+K31+M31+O31+Q31+S31+U31+W31+Y31+AA31+AC31 -> 45
C32: 28 | D32: UdhamSinghNagar | E32: रूद्रपुर | F32: =COUNTIFS(Table1[(जिस फायर स्टेशन क्षेत्रार्न्तागत अग्निकाण्ड हुआ हो)],Sheet2!E32,Table1[अग्निकाण्ड का दिनांक],">="&DATE(2024,1,1), Table1[अग्निकाण्ड का दिनांक],"<="&EOMONTH(DATE(2024,1,1),0)) -> 0 | G32: 11 | H32: =COUNTIFS(Table1[(जिस फायर स्टेशन क्षेत्रार्न्तागत अग्निकाण्ड हुआ हो)],Sheet2!E32,Table1[अग्निकाण्ड का दिनांक],">="&DATE(2024,2,1), Table1[अग्निकाण्ड का दिनांक],"<="&EOMONTH(DATE(2024,2,1),0)) -> 0 | I32: 13 | J32: =COUNTIFS(Table1[(जिस फायर स्टेशन क्षेत्रार्न्तागत अग्निकाण्ड हुआ हो)],Sheet2!E32,Table1[अग्निकाण्ड का दिनांक],">="&DATE(2024,3,1), Table1[अग्निकाण्ड का दिनांक],"<="&EOMONTH(DATE(2024,3,1),0)) -> 0 | K32: 10 | L32: =COUNTIFS(Table1[(जिस फायर स्टेशन क्षेत्रार्न्तागत अग्निकाण्ड हुआ हो)],Sheet2!E32,Table1[अग्निकाण्ड का दिनांक],">="&DATE(2024,4,1), Table1[अग्निकाण्ड का दिनांक],"<="&EOMONTH(DATE(2024,4,1),0)) -> 0 | M32: 55 | N32: =COUNTIFS(Table1[(जिस फायर स्टेशन क्षेत्रार्न्तागत अग्निकाण्ड हुआ हो)],Sheet2!E32,Table1[अग्निकाण्ड का दिनांक],">="&DATE(2024,5,1), Table1[अग्निकाण्ड का दिनांक],"<="&EOMONTH(DATE(2024,5,1),0)) -> 0 | O32: 17 | P32: =COUNTIFS(Table1[(जिस फायर स्टेशन क्षेत्रार्न्तागत अग्निकाण्ड हुआ हो)],Sheet2!E32,Table1[अग्निकाण्ड का दिनांक],">="&DATE(2024,6,1), Table1[अग्निकाण्ड का दिनांक],"<="&EOMONTH(DATE(2024,6,1),0)) -> 21 | Q32: 20 | R32: =COUNTIFS(Table1[(जिस फायर स्टेशन क्षेत्रार्न्तागत अग्निकाण्ड हुआ हो)],Sheet2!E32,Table1[अग्निकाण्ड का दिनांक],">="&DATE(2024,7,1), Table1[अग्निकाण्ड का दिनांक],"<="&EOMONTH(DATE(2024,7,1),0)) -> 0 | S32: 8 | T32: =COUNTIFS(Table1[(जिस फायर स्टेशन क्षेत्रार्न्तागत अग्निकाण्ड हुआ हो)],Sheet2!E32,Table1[अग्निकाण्ड का दिनांक],">="&DATE(2024,8,1), Table1[अग्निकाण्ड का दिनांक],"<="&EOMONTH(DATE(2024,8,1),0)) -> 0 | U32: 3 | V32: =COUNTIFS(Table1[(जिस फायर स्टेशन क्षेत्रार्न्तागत अग्निकाण्ड हुआ हो)],Sheet2!E32,Table1[अग्निकाण्ड का दिनांक],">="&DATE(2024,9,1), Table1[अग्निकाण्ड का दिनांक],"<="&EOMONTH(DATE(2024,9,1),0)) -> 0 | W32: 2 | X32: =COUNTIFS(Table1[(जिस फायर स्टेशन क्षेत्रार्न्तागत अग्निकाण्ड हुआ हो)],Sheet2!E32,Table1[अग्निकाण्ड का दिनांक],">="&DATE(2024,10,1), Table1[अग्निकाण्ड का दिनांक],"<="&EOMONTH(DATE(2024,10,1),0)) -> 0 | Y32: 17 | Z32: =COUNTIFS(Table1[(जिस फायर स्टेशन क्षेत्रार्न्तागत अग्निकाण्ड हुआ हो)],Sheet2!E32,Table1[अग्निकाण्ड का दिनांक],">="&DATE(2024,11,1), Table1[अग्निकाण्ड का दिनांक],"<="&EOMONTH(DATE(2024,11,1),0)) -> 0 | AA32: 8 | AB32: =COUNTIFS(Table1[(जिस फायर स्टेशन क्षेत्रार्न्तागत अग्निकाण्ड हुआ हो)],Sheet2!E32,Table1[अग्निकाण्ड का दिनांक],">="&DATE(2024,12,1), Table1[अग्निकाण्ड का दिनांक],"<="&EOMONTH(DATE(2024,12,1),0)) -> 0 | AC32: 6 | AD32: =F32+H32+J32+L32+N32+P32+R32+T32+V32+X32+Z32+AB32 -> 21 | AE32: =G32+I32+K32+M32+O32+Q32+S32+U32+W32+Y32+AA32+AC32 -> 170
C33: 29 | E33: काशीपुर | F33: =COUNTIFS(Table1[(जिस फायर स्टेशन क्षेत्रार्न्तागत अग्निकाण्ड हुआ हो)],Sheet2!E33,Table1[अग्निकाण्ड का दिनांक],">="&DATE(2024,1,1), Table1[अग्निकाण्ड का दिनांक],"<="&EOMONTH(DATE(2024,1,1),0)) -> 0 | G33: 5 | H33: =COUNTIFS(Table1[(जिस फायर स्टेशन क्षेत्रार्न्तागत अग्निकाण्ड हुआ हो)],Sheet2!E33,Table1[अग्निकाण्ड का दिनांक],">="&DATE(2024,2,1), Table1[अग्निकाण्ड का दिनांक],"<="&EOMONTH(DATE(2024,2,1),0)) -> 0 | I33: 10 | J33: =COUNTIFS(Table1[(जिस फायर स्टेशन क्षेत्रार्न्तागत अग्निकाण्ड हुआ हो)],Sheet2!E33,Table1[अग्निकाण्ड का दिनांक],">="&DATE(2024,3,1), Table1[अग्निकाण्ड का दिनांक],"<="&EOMONTH(DATE(2024,3,1),0)) -> 0 | K33: 3 | L33: =COUNTIFS(Table1[(जिस फायर स्टेशन क्षेत्रार्न्तागत अग्निकाण्ड हुआ हो)],Sheet2!E33,Table1[अग्निकाण्ड का दिनांक],">="&DATE(2024,4,1), Table1[अग्निकाण्ड का दिनांक],"<="&EOMONTH(DATE(2024,4,1),0)) -> 0 | M33: 44 | N33: =COUNTIFS(Table1[(जिस फायर स्टेशन क्षेत्रार्न्तागत अग्निकाण्ड हुआ हो)],Sheet2!E33,Table1[अग्निकाण्ड का दिनांक],">="&DATE(2024,5,1), Table1[अग्निकाण्ड का दिनांक],"<="&EOMONTH(DATE(2024,5,1),0)) -> 0 | O33: 21 | P33: =COUNTIFS(Table1[(जिस फायर स्टेशन क्षेत्रार्न्तागत अग्निकाण्ड हुआ हो)],Sheet2!E33,Table1[अग्निकाण्ड का दिनांक],">="&DATE(2024,6,1), Table1[अग्निकाण्ड का दिनांक],"<="&EOMONTH(DATE(2024,6,1),0)) -> 12 | Q33: 14 | R33: =COUNTIFS(Table1[(जिस फायर स्टेशन क्षेत्रार्न्तागत अग्निकाण्ड हुआ हो)],Sheet2!E33,Table1[अग्निकाण्ड का दिनांक],">="&DATE(2024,7,1), Table1[अग्निकाण्ड का दिनांक],"<="&EOMONTH(DATE(2024,7,1),0)) -> 0 | S33: 6 | T33: =COUNTIFS(Table1[(जिस फायर स्टेशन क्षेत्रार्न्तागत अग्निकाण्ड हुआ हो)],Sheet2!E33,Table1[अग्निकाण्ड का दिनांक],">="&DATE(2024,8,1), Table1[अग्निकाण्ड का दिनांक],"<="&EOMONTH(DATE(2024,8,1),0)) -> 0 | U33: 7 | V33: =COUNTIFS(Table1[(जिस फायर स्टेशन क्षेत्रार्न्तागत अग्निकाण्ड हुआ हो)],Sheet2!E33,Table1[अग्निकाण्ड का दिनांक],">="&DATE(2024,9,1), Table1[अग्निकाण्ड का दिनांक],"<="&EOMONTH(DATE(2024,9,1),0)) -> 0 | W33: 1 | X33: =COUNTIFS(Table1[(जिस फायर स्टेशन क्षेत्रार्न्तागत अग्निकाण्ड हुआ हो)],Sheet2!E33,Table1[अग्निकाण्ड का दिनांक],">="&DATE(2024,10,1), Table1[अग्निकाण्ड का दिनांक],"<="&EOMONTH(DATE(2024,10,1),0)) -> 0 | Y33: 7 | Z33: =COUNTIFS(Table1[(जिस फायर स्टेशन क्षेत्रार्न्तागत अग्निकाण्ड हुआ हो)],Sheet2!E33,Table1[अग्निकाण्ड का दिनांक],">="&DATE(2024,11,1), Table1[अग्निकाण्ड का दिनांक],"<="&EOMONTH(DATE(2024,11,1),0)) -> 0 | AA33: 9 | AB33: =COUNTIFS(Table1[(जिस फायर स्टेशन क्षेत्रार्न्तागत अग्निकाण्ड हुआ हो)],Sheet2!E33,Table1[अग्निकाण्ड का दिनांक],">="&DATE(2024,12,1), Table1[अग्निकाण्ड का दिनांक],"<="&EOMONTH(DATE(2024,12,1),0)) -> 0 | AC33: 6 | AD33: =F33+H33+J33+L33+N33+P33+R33+T33+V33+X33+Z33+AB33 -> 12 | AE33: =G33+I33+K33+M33+O33+Q33+S33+U33+W33+Y33+AA33+AC33 -> 133
C34: 30 | E34: खटीमा | F34: =COUNTIFS(Table1[(जिस फायर स्टेशन क्षेत्रार्न्तागत अग्निकाण्ड हुआ हो)],Sheet2!E34,Table1[अग्निकाण्ड का दिनांक],">="&DATE(2024,1,1), Table1[अग्निकाण्ड का दिनांक],"<="&EOMONTH(DATE(2024,1,1),0)) -> 0 | G34: 3 | H34: =COUNTIFS(Table1[(जिस फायर स्टेशन क्षेत्रार्न्तागत अग्निकाण्ड हुआ हो)],Sheet2!E34,Table1[अग्निकाण्ड का दिनांक],">="&DATE(2024,2,1), Table1[अग्निकाण्ड का दिनांक],"<="&EOMONTH(DATE(2024,2,1),0)) -> 0 | I34: 1 | J34: =COUNTIFS(Table1[(जिस फायर स्टेशन क्षेत्रार्न्तागत अग्निकाण्ड हुआ हो)],Sheet2!E34,Table1[अग्निकाण्ड का दिनांक],">="&DATE(2024,3,1), Table1[अग्निकाण्ड का दिनांक],"<="&EOMONTH(DATE(2024,3,1),0)) -> 0 | K34: 0 | L34: =COUNTIFS(Table1[(जिस फायर स्टेशन क्षेत्रार्न्तागत अग्निकाण्ड हुआ हो)],Sheet2!E34,Table1[अग्निकाण्ड का दिनांक],">="&DATE(2024,4,1), Table1[अग्निकाण्ड का दिनांक],"<="&EOMONTH(DATE(2024,4,1),0)) -> 0 | M34: 61 | N34: =COUNTIFS(Table1[(जिस फायर स्टेशन क्षेत्रार्न्तागत अग्निकाण्ड हुआ हो)],Sheet2!E34,Table1[अग्निकाण्ड का दिनांक],">="&DATE(2024,5,1), Table1[अग्निकाण्ड का दिनांक],"<="&EOMONTH(DATE(2024,5,1),0)) -> 0 | O34: 11 | P34: =COUNTIFS(Table1[(जिस फायर स्टेशन क्षेत्रार्न्तागत अग्निकाण्ड हुआ हो)],Sheet2!E34,Table1[अग्निकाण्ड का दिनांक],">="&DATE(2024,6,1), Table1[अग्निकाण्ड का दिनांक],"<="&EOMONTH(DATE(2024,6,1),0)) -> 9 | Q34: 9 | R34: =COUNTIFS(Table1[(जिस फायर स्टेशन क्षेत्रार्न्तागत अग्निकाण्ड हुआ हो)],Sheet2!E34,Table1[अग्निकाण्ड का दिनांक],">="&DATE(2024,7,1), Table1[अग्निकाण्ड का दिनांक],"<="&EOMONTH(DATE(2024,7,1),0)) -> 0 | S34: 2 | T34: =COUNTIFS(Table1[(जिस फायर स्टेशन क्षेत्रार्न्तागत अग्निकाण्ड हुआ हो)],Sheet2!E34,Table1[अग्निकाण्ड का दिनांक],">="&DATE(2024,8,1), Table1[अग्निकाण्ड का दिनांक],"<="&EOMONTH(DATE(2024,8,1),0)) -> 0 | U34: 0 | V34: =COUNTIFS(Table1[(जिस फायर स्टेशन क्षेत्रार्न्तागत अग्निकाण्ड हुआ हो)],Sheet2!E34,Table1[अग्निकाण्ड का दिनांक],">="&DATE(2024,9,1), Table1[अग्निकाण्ड का दिनांक],"<="&EOMONTH(DATE(2024,9,1),0)) -> 0 | W34: 1 | X34: =COUNTIFS(Table1[(जिस फायर स्टेशन क्षेत्रार्न्तागत अग्निकाण्ड हुआ हो)],Sheet2!E34,Table1[अग्निकाण्ड का दिनांक],">="&DATE(2024,10,1), Table1[अग्निकाण्ड का दिनांक],"<="&EOMONTH(DATE(2024,10,1),0)) -> 0 | Y34: 9 | Z34: =COUNTIFS(Table1[(जिस फायर स्टेशन क्षेत्रार्न्तागत अग्निकाण्ड हुआ हो)],Sheet2!E34,Table1[अग्निकाण्ड का दिनांक],">="&DATE(2024,11,1), Table1[अग्निकाण्ड का दिनांक],"<="&EOMONTH(DATE(2024,11,1),0)) -> 0 | AA34: 2 | AB34: =COUNTIFS(Table1[(जिस फायर स्टेशन क्षेत्रार्न्तागत अग्निकाण्ड हुआ हो)],Sheet2!E34,Table1[अग्निकाण्ड का दिनांक],">="&DATE(2024,12,1), Table1[अग्निकाण्ड का दिनांक],"<="&EOMONTH(DATE(2024,12,1),0)) -> 0 | AC34: 9 | AD34: =F34+H34+J34+L34+N34+P34+R34+T34+V34+X34+Z34+AB34 -> 9 | AE34: =G34+I34+K34+M34+O34+Q34+S34+U34+W34+Y34+AA34+AC34 -> 108
C35: 31 | E35: जसपुर | F35: =COUNTIFS(Table1[(जिस फायर स्टेशन क्षेत्रार्न्तागत अग्निकाण्ड हुआ हो)],Sheet2!E35,Table1[अग्निकाण्ड का दिनांक],">="&DATE(2024,1,1), Table1[अग्निकाण्ड का दिनांक],"<="&EOMONTH(DATE(2024,1,1),0)) -> 0 | G35: 1 | H35: =COUNTIFS(Table1[(जिस फायर स्टेशन क्षेत्रार्न्तागत अग्निकाण्ड हुआ हो)],Sheet2!E35,Table1[अग्निकाण्ड का दिनांक],">="&DATE(2024,2,1), Table1[अग्निकाण्ड का दिनांक],"<="&EOMONTH(DATE(2024,2,1),0)) -> 0 | I35: 4 | J35: =COUNTIFS(Table1[(जिस फायर स्टेशन क्षेत्रार्न्तागत अग्निकाण्ड हुआ हो)],Sheet2!E35,Table1[अग्निकाण्ड का दिनांक],">="&DATE(2024,3,1), Table1[अग्निकाण्ड का दिनांक],"<="&EOMONTH(DATE(2024,3,1),0)) -> 0 | K35: 5 | L35: =COUNTIFS(Table1[(जिस फायर स्टेशन क्षेत्रार्न्तागत अग्निकाण्ड हुआ हो)],Sheet2!E35,Table1[अग्निकाण्ड का दिनांक],">="&DATE(2024,4,1), Table1[अग्निकाण्ड का दिनांक],"<="&EOMONTH(DATE(2024,4,1),0)) -> 0 | M35: 30 | N35: =COUNTIFS(Table1[(जिस फायर स्टेशन क्षेत्रार्न्तागत अग्निकाण्ड हुआ हो)],Sheet2!E35,Table1[अग्निकाण्ड का दिनांक],">="&DATE(2024,5,1), Table1[अग्निकाण्ड का दिनांक],"<="&EOMONTH(DATE(2024,5,1),0)) -> 0 | O35: 9 | P35: =COUNTIFS(Table1[(जिस फायर स्टेशन क्षेत्रार्न्तागत अग्निकाण्ड हुआ हो)],Sheet2!E35,Table1[अग्निकाण्ड का दिनांक],">="&DATE(2024,6,1), Table1[अग्निकाण्ड का दिनांक],"<="&EOMONTH(DATE(2024,6,1),0)) -> 6 | Q35: 6 | R35: =COUNTIFS(Table1[(जिस फायर स्टेशन क्षेत्रार्न्तागत अग्निकाण्ड हुआ हो)],Sheet2!E35,Table1[अग्निकाण्ड का दिनांक],">="&DATE(2024,7,1), Table1[अग्निकाण्ड का दिनांक],"<="&EOMONTH(DATE(2024,7,1),0)) -> 0 | S35: 5 | T35: =COUNTIFS(Table1[(जिस फायर स्टेशन क्षेत्रार्न्तागत अग्निकाण्ड हुआ हो)],Sheet2!E35,Table1[अग्निकाण्ड का दिनांक],">="&DATE(2024,8,1), Table1[अग्निकाण्ड का दिनांक],"<="&EOMONTH(DATE(2024,8,1),0)) -> 0 | U35: 2 | V35: =COUNTIFS(Table1[(जिस फायर स्टेशन क्षेत्रार्न्तागत अग्निकाण्ड हुआ हो)],Sheet2!E35,Table1[अग्निकाण्ड का दिनांक],">="&DATE(2024,9,1), Table1[अग्निकाण्ड का दिनांक],"<="&EOMONTH(DATE(2024,9,1),0)) -> 0 | W35: 0 | X35: =COUNTIFS(Table1[(जिस फायर स्टेशन क्षेत्रार्न्तागत अग्निकाण्ड हुआ हो)],Sheet2!E35,Table1[अग्निकाण्ड का दिनांक],">="&DATE(2024,10,1), Table1[अग्निकाण्ड का दिनांक],"<="&EOMONTH(DATE(2024,10,1),0)) -> 0 | Y35: 4 | Z35: =COUNTIFS(Table1[(जिस फायर स्टेशन क्षेत्रार्न्तागत अग्निकाण्ड हुआ हो)],Sheet2!E35,Table1[अग्निकाण्ड का दिनांक],">="&DATE(2024,11,1), Table1[अग्निकाण्ड का दिनांक],"<="&EOMONTH(DATE(2024,11,1),0)) -> 0 | AA35: 5 | AB35: =COUNTIFS(Table1[(जिस फायर स्टेशन क्षेत्रार्न्तागत अग्निकाण्ड हुआ हो)],Sheet2!E35,Table1[अग्निकाण्ड का दिनांक],">="&DATE(2024,12,1), Table1[अग्निकाण्ड का दिनांक],"<="&EOMONTH(DATE(2024,12,1),0)) -> 0 | AC35: 5 | AD35: =F35+H35+J35+L35+N35+P35+R35+T35+V35+X35+Z35+AB35 -> 6 | AE35: =G35+I35+K35+M35+O35+Q35+S35+U35+W35+Y35+AA35+AC35 -> 76
C36: 32 | E36: सितारगंज | F36: =COUNTIFS(Table1[(जिस फायर स्टेशन क्षेत्रार्न्तागत अग्निकाण्ड हुआ हो)],Sheet2!E36,Table1[अग्निकाण्ड का दिनांक],">="&DATE(2024,1,1), Table1[अग्निकाण्ड का दिनांक],"<="&EOMONTH(DATE(2024,1,1),0)) -> 0 | G36: 1 | H36: =COUNTIFS(Table1[(जिस फायर स्टेशन क्षेत्रार्न्तागत अग्निकाण्ड हुआ हो)],Sheet2!E36,Table1[अग्निकाण्ड का दिनांक],">="&DATE(2024,2,1), Table1[अग्निकाण्ड का दिनांक],"<="&EOMONTH(DATE(2024,2,1),0)) -> 0 | I36: 10 | J36: =COUNTIFS(Table1[(जिस फायर स्टेशन क्षेत्रार्न्तागत अग्निकाण्ड हुआ हो)],Sheet2!E36,Table1[अग्निकाण्ड का दिनांक],">="&DATE(2024,3,1), Table1[अग्निकाण्ड का दिनांक],"<="&EOMONTH(DATE(2024,3,1),0)) -> 0 | K36: 7 | L36: =COUNTIFS(Table1[(जिस फायर स्टेशन क्षेत्रार्न्तागत अग्निकाण्ड हुआ हो)],Sheet2!E36,Table1[अग्निकाण्ड का दिनांक],">="&DATE(2024,4,1), Table1[अग्निकाण्ड का दिनांक],"<="&EOMONTH(DATE(2024,4,1),0)) -> 0 | M36: 44 | N36: =COUNTIFS(Table1[(जिस फायर स्टेशन क्षेत्रार्न्तागत अग्निकाण्ड हुआ हो)],Sheet2!E36,Table1[अग्निकाण्ड का दिनांक],">="&DATE(2024,5,1), Table1[अग्निकाण्ड का दिनांक],"<="&EOMONTH(DATE(2024,5,1),0)) -> 0 | O36: 11 | P36: =COUNTIFS(Table1[(जिस फायर स्टेशन क्षेत्रार्न्तागत अग्निकाण्ड हुआ हो)],Sheet2!E36,Table1[अग्निकाण्ड का दिनांक],">="&DATE(2024,6,1), Table1[अग्निकाण्ड का दिनांक],"<="&EOMONTH(DATE(2024,6,1),0)) -> 12 | Q36: 12 | R36: =COUNTIFS(Table1[(जिस फायर स्टेशन क्षेत्रार्न्तागत अग्निकाण्ड हुआ हो)],Sheet2!E36,Table1[अग्निकाण्ड का दिनांक],">="&DATE(2024,7,1), Table1[अग्निकाण्ड का दिनांक],"<="&EOMONTH(DATE(2024,7,1),0)) -> 0 | S36: 1 | T36: =COUNTIFS(Table1[(जिस फायर स्टेशन क्षेत्रार्न्तागत अग्निकाण्ड हुआ हो)],Sheet2!E36,Table1[अग्निकाण्ड का दिनांक],">="&DATE(2024,8,1), Table1[अग्निकाण्ड का दिनांक],"<="&EOMONTH(DATE(2024,8,1),0)) -> 0 | U36: 2 | V36: =COUNTIFS(Table1[(जिस फायर स्टेशन क्षेत्रार्न्तागत अग्निकाण्ड हुआ हो)],Sheet2!E36,Table1[अग्निकाण्ड का दिनांक],">="&DATE(2024,9,1), Table1[अग्निकाण्ड का दिनांक],"<="&EOMONTH(DATE(2024,9,1),0)) -> 0 | W36: 1 | X36: =COUNTIFS(Table1[(जिस फायर स्टेशन क्षेत्रार्न्तागत अग्निकाण्ड हुआ हो)],Sheet2!E36,Table1[अग्निकाण्ड का दिनांक],">="&DATE(2024,10,1), Table1[अग्निकाण्ड का दिनांक],"<="&EOMONTH(DATE(2024,10,1),0)) -> 0 | Y36: 8 | Z36: =COUNTIFS(Table1[(जिस फायर स्टेशन क्षेत्रार्न्तागत अग्निकाण्ड हुआ हो)],Sheet2!E36,Table1[अग्निकाण्ड का दिनांक],">="&DATE(2024,11,1), Table1[अग्निकाण्ड का दिनांक],"<="&EOMONTH(DATE(2024,11,1),0)) -> 0 | AA36: 4 | AB36: =COUNTIFS(Table1[(जिस फायर स्टेशन क्षेत्रार्न्तागत अग्निकाण्ड हुआ हो)],Sheet2!E36,Table1[अग्निकाण्ड का दिनांक],">="&DATE(2024,12,1), Table1[अग्निकाण्ड का दिनांक],"<="&EOMONTH(DATE(2024,12,1),0)) -> 0 | AC36: 2 | AD36: =F36+H36+J36+L36+N36+P36+R36+T36+V36+X36+Z36+AB36 -> 12 | AE36: =G36+I36+K36+M36+O36+Q36+S36+U36+W36+Y36+AA36+AC36 -> 103
C37: 33 | E37: पन्तनगर | F37: =COUNTIFS(Table1[(जिस फायर स्टेशन क्षेत्रार्न्तागत अग्निकाण्ड हुआ हो)],Sheet2!E37,Table1[अग्निकाण्ड का दिनांक],">="&DATE(2024,1,1), Table1[अग्निकाण्ड का दिनांक],"<="&EOMONTH(DATE(2024,1,1),0)) -> 0 | G37: 0 | H37: =COUNTIFS(Table1[(जिस फायर स्टेशन क्षेत्रार्न्तागत अग्निकाण्ड हुआ हो)],Sheet2!E37,Table1[अग्निकाण्ड का दिनांक],">="&DATE(2024,2,1), Table1[अग्निकाण्ड का दिनांक],"<="&EOMONTH(DATE(2024,2,1),0)) -> 0 | I37: 4 | J37: =COUNTIFS(Table1[(जिस फायर स्टेशन क्षेत्रार्न्तागत अग्निकाण्ड हुआ हो)],Sheet2!E37,Table1[अग्निकाण्ड का दिनांक],">="&DATE(2024,3,1), Table1[अग्निकाण्ड का दिनांक],"<="&EOMONTH(DATE(2024,3,1),0)) -> 0 | K37: 4 | L37: =COUNTIFS(Table1[(जिस फायर स्टेशन क्षेत्रार्न्तागत अग्निकाण्ड हुआ हो)],Sheet2!E37,Table1[अग्निकाण्ड का दिनांक],">="&DATE(2024,4,1), Table1[अग्निकाण्ड का दिनांक],"<="&EOMONTH(DATE(2024,4,1),0)) -> 0 | M37: 3 | N37: =COUNTIFS(Table1[(जिस फायर स्टेशन क्षेत्रार्न्तागत अग्निकाण्ड हुआ हो)],Sheet2!E37,Table1[अग्निकाण्ड का दिनांक],">="&DATE(2024,5,1), Table1[अग्निकाण्ड का दिनांक],"<="&EOMONTH(DATE(2024,5,1),0)) -> 0 | O37: 10 | P37: =COUNTIFS(Table1[(जिस फायर स्टेशन क्षेत्रार्न्तागत अग्निकाण्ड हुआ हो)],Sheet2!E37,Table1[अग्निकाण्ड का दिनांक],">="&DATE(2024,6,1), Table1[अग्निकाण्ड का दिनांक],"<="&EOMONTH(DATE(2024,6,1),0)) -> 7 | Q37: 9 | R37: =COUNTIFS(Table1[(जिस फायर स्टेशन क्षेत्रार्न्तागत अग्निकाण्ड हुआ हो)],Sheet2!E37,Table1[अग्निकाण्ड का दिनांक],">="&DATE(2024,7,1), Table1[अग्निकाण्ड का दिनांक],"<="&EOMONTH(DATE(2024,7,1),0)) -> 0 | S37: 0 | T37: =COUNTIFS(Table1[(जिस फायर स्टेशन क्षेत्रार्न्तागत अग्निकाण्ड हुआ हो)],Sheet2!E37,Table1[अग्निकाण्ड का दिनांक],">="&DATE(2024,8,1), Table1[अग्निकाण्ड का दिनांक],"<="&EOMONTH(DATE(2024,8,1),0)) -> 0 | U37: 2 | V37: =COUNTIFS(Table1[(जिस फायर स्टेशन क्षेत्रार्न्तागत अग्निकाण्ड हुआ हो)],Sheet2!E37,Table1[अग्निकाण्ड का दिनांक],">="&DATE(2024,9,1), Table1[अग्निकाण्ड का दिनांक],"<="&EOMONTH(DATE(2024,9,1),0)) -> 0 | W37: 0 | X37: =COUNTIFS(Table1[(जिस फायर स्टेशन क्षेत्रार्न्तागत अग्निकाण्ड हुआ हो)],Sheet2!E37,Table1[अग्निकाण्ड का दिनांक],">="&DATE(2024,10,1), Table1[अग्निकाण्ड का दिनांक],"<="&EOMONTH(DATE(2024,10,1),0)) -> 0 | Y37: 1 | Z37: =COUNTIFS(Table1[(जिस फायर स्टेशन क्षेत्रार्न्तागत अग्निकाण्ड हुआ हो)],Sheet2!E37,Table1[अग्निकाण्ड का दिनांक],">="&DATE(2024,11,1), Table1[अग्निकाण्ड का दिनांक],"<="&EOMONTH(DATE(2024,11,1),0)) -> 0 | AA37: 0 | AB37: =COUNTIFS(Table1[(जिस फायर स्टेशन क्षेत्रार्न्तागत अग्निकाण्ड हुआ हो)],Sheet2!E37,Table1[अग्निकाण्ड का दिनांक],">="&DATE(2024,12,1), Table1[अग्निकाण्ड का दिनांक],"<="&EOMONTH(DATE(2024,12,1),0)) -> 0 | AC37: 9 | AD37: =F37+H37+J37+L37+N37+P37+R37+T37+V37+X37+Z37+AB37 -> 7 | AE37: =G37+I37+K37+M37+O37+Q37+S37+U37+W37+Y37+AA37+AC37 -> 42
C38: 34 | E38: बाजपुर | F38: =COUNTIFS(Table1[(जिस फायर स्टेशन क्षेत्रार्न्तागत अग्निकाण्ड हुआ हो)],Sheet2!E38,Table1[अग्निकाण्ड का दिनांक],">="&DATE(2024,1,1), Table1[अग्निकाण्ड का दिनांक],"<="&EOMONTH(DATE(2024,1,1),0)) -> 0 | G38: 0 | H38: =COUNTIFS(Table1[(जिस फायर स्टेशन क्षेत्रार्न्तागत अग्निकाण्ड हुआ हो)],Sheet2!E38,Table1[अग्निकाण्ड का दिनांक],">="&DATE(2024,2,1), Table1[अग्निकाण्ड का दिनांक],"<="&EOMONTH(DATE(2024,2,1),0)) -> 0 | I38: 1 | J38: =COUNTIFS(Table1[(जिस फायर स्टेशन क्षेत्रार्न्तागत अग्निकाण्ड हुआ हो)],Sheet2!E38,Table1[अग्निकाण्ड का दिनांक],">="&DATE(2024,3,1), Table1[अग्निकाण्ड का दिनांक],"<="&EOMONTH(DATE(2024,3,1),0)) -> 0 | K38: 6 | L38: =COUNTIFS(Table1[(जिस फायर स्टेशन क्षेत्रार्न्तागत अग्निकाण्ड हुआ हो)],Sheet2!E38,Table1[अग्निकाण्ड का दिनांक],">="&DATE(2024,4,1), Table1[अग्निकाण्ड का दिनांक],"<="&EOMONTH(DATE(2024,4,1),0)) -> 0 | M38: 14 | N38: =COUNTIFS(Table1[(जिस फायर स्टेशन क्षेत्रार्न्तागत अग्निकाण्ड हुआ हो)],Sheet2!E38,Table1[अग्निकाण्ड का दिनांक],">="&DATE(2024,5,1), Table1[अग्निकाण्ड का दिनांक],"<="&EOMONTH(DATE(2024,5,1),0)) -> 0 | O38: 15 | P38: =COUNTIFS(Table1[(जिस फायर स्टेशन क्षेत्रार्न्तागत अग्निकाण्ड हुआ हो)],Sheet2!E38,Table1[अग्निकाण्ड का दिनांक],">="&DATE(2024,6,1), Table1[अग्निकाण्ड का दिनांक],"<="&EOMONTH(DATE(2024,6,1),0)) -> 1 | Q38: 7 | R38: =COUNTIFS(Table1[(जिस फायर स्टेशन क्षेत्रार्न्तागत अग्निकाण्ड हुआ हो)],Sheet2!E38,Table1[अग्निकाण्ड का दिनांक],">="&DATE(2024,7,1), Table1[अग्निकाण्ड का दिनांक],"<="&EOMONTH(DATE(2024,7,1),0)) -> 0 | S38: 1 | T38: =COUNTIFS(Table1[(जिस फायर स्टेशन क्षेत्रार्न्तागत अग्निकाण्ड हुआ हो)],Sheet2!E38,Table1[अग्निकाण्ड का दिनांक],">="&DATE(2024,8,1), Table1[अग्निकाण्ड का दिनांक],"<="&EOMONTH(DATE(2024,8,1),0)) -> 0 | U38: 0 | V38: =COUNTIFS(Table1[(जिस फायर स्टेशन क्षेत्रार्न्तागत अग्निकाण्ड हुआ हो)],Sheet2!E38,Table1[अग्निकाण्ड का दिनांक],">="&DATE(2024,9,1), Table1[अग्निकाण्ड का दिनांक],"<="&EOMONTH(DATE(2024,9,1),0)) -> 0 | W38: 0 | X38: =COUNTIFS(Table1[(जिस फायर स्टेशन क्षेत्रार्न्तागत अग्निकाण्ड हुआ हो)],Sheet2!E38,Table1[अग्निकाण्ड का दिनांक],">="&DATE(2024,10,1), Table1[अग्निकाण्ड का दिनांक],"<="&EOMONTH(DATE(2024,10,1),0)) -> 0 | Y38: 2 | Z38: =COUNTIFS(Table1[(जिस फायर स्टेशन क्षेत्रार्न्तागत अग्निकाण्ड हुआ हो)],Sheet2!E38,Table1[अग्निकाण्ड का दिनांक],">="&DATE(2024,11,1), Table1[अग्निकाण्ड का दिनांक],"<="&EOMONTH(DATE(2024,11,1),0)) -> 0 | AA38: 2 | AB38: =COUNTIFS(Table1[(जिस फायर स्टेशन क्षेत्रार्न्तागत अग्निकाण्ड हुआ हो)],Sheet2!E38,Table1[अग्निकाण्ड का दिनांक],">="&DATE(2024,12,1), Table1[अग्निकाण्ड का दिनांक],"<="&EOMONTH(DATE(2024,12,1),0)) -> 0 | AC38: 2 | AD38: =F38+H38+J38+L38+N38+P38+R38+T38+V38+X38+Z38+AB38 -> 1 | AE38: =G38+I38+K38+M38+O38+Q38+S38+U38+W38+Y38+AA38+AC38 -> 50
C39: 35 | E39: किच्छा | F39: =COUNTIFS(Table1[(जिस फायर स्टेशन क्षेत्रार्न्तागत अग्निकाण्ड हुआ हो)],Sheet2!E39,Table1[अग्निकाण्ड का दिनांक],">="&DATE(2024,1,1), Table1[अग्निकाण्ड का दिनांक],"<="&EOMONTH(DATE(2024,1,1),0)) -> 0 | G39: 0 | H39: =COUNTIFS(Table1[(जिस फायर स्टेशन क्षेत्रार्न्तागत अग्निकाण्ड हुआ हो)],Sheet2!E39,Table1[अग्निकाण्ड का दिनांक],">="&DATE(2024,2,1), Table1[अग्निकाण्ड का दिनांक],"<="&EOMONTH(DATE(2024,2,1),0)) -> 0 | I39: 4 | J39: =COUNTIFS(Table1[(जिस फायर स्टेशन क्षेत्रार्न्तागत अग्निकाण्ड हुआ हो)],Sheet2!E39,Table1[अग्निकाण्ड का दिनांक],">="&DATE(2024,3,1), Table1[अग्निकाण्ड का दिनांक],"<="&EOMONTH(DATE(2024,3,1),0)) -> 0 | K39: 2 | L39: =COUNTIFS(Table1[(जिस फायर स्टेशन क्षेत्रार्न्तागत अग्निकाण्ड हुआ हो)],Sheet2!E39,Table1[अग्निकाण्ड का दिनांक],">="&DATE(2024,4,1), Table1[अग्निकाण्ड का दिनांक],"<="&EOMONTH(DATE(2024,4,1),0)) -> 0 | M39: 9 | N39: =COUNTIFS(Table1[(जिस फायर स्टेशन क्षेत्रार्न्तागत अग्निकाण्ड हुआ हो)],Sheet2!E39,Table1[अग्निकाण्ड का दिनांक],">="&DATE(2024,5,1), Table1[अग्निकाण्ड का दिनांक],"<="&EOMONTH(DATE(2024,5,1),0)) -> 0 | O39: 12 | P39: =COUNTIFS(Table1[(जिस फायर स्टेशन क्षेत्रार्न्तागत अग्निकाण्ड हुआ हो)],Sheet2!E39,Table1[अग्निकाण्ड का दिनांक],">="&DATE(2024,6,1), Table1[अग्निकाण्ड का दिनांक],"<="&EOMONTH(DATE(2024,6,1),0)) -> 4 | Q39: 6 | R39: =COUNTIFS(Table1[(जिस फायर स्टेशन क्षेत्रार्न्तागत अग्निकाण्ड हुआ हो)],Sheet2!E39,Table1[अग्निकाण्ड का दिनांक],">="&DATE(2024,7,1), Table1[अग्निकाण्ड का दिनांक],"<="&EOMONTH(DATE(2024,7,1),0)) -> 0 | S39: 0 | T39: =COUNTIFS(Table1[(जिस फायर स्टेशन क्षेत्रार्न्तागत अग्निकाण्ड हुआ हो)],Sheet2!E39,Table1[अग्निकाण्ड का दिनांक],">="&DATE(2024,8,1), Table1[अग्निकाण्ड का दिनांक],"<="&EOMONTH(DATE(2024,8,1),0)) -> 0 | U39: 1 | V39: =COUNTIFS(Table1[(जिस फायर स्टेशन क्षेत्रार्न्तागत अग्निकाण्ड हुआ हो)],Sheet2!E39,Table1[अग्निकाण्ड का दिनांक],">="&DATE(2024,9,1), Table1[अग्निकाण्ड का दिनांक],"<="&EOMONTH(DATE(2024,9,1),0)) -> 0 | W39: 1 | X39: =COUNTIFS(Table1[(जिस फायर स्टेशन क्षेत्रार्न्तागत अग्निकाण्ड हुआ हो)],Sheet2!E39,Table1[अग्निकाण्ड का दिनांक],">="&DATE(2024,10,1), Table1[अग्निकाण्ड का दिनांक],"<="&EOMONTH(DATE(2024,10,1),0)) -> 0 | Y39: 1 | Z39: =COUNTIFS(Table1[(जिस फायर स्टेशन क्षेत्रार्न्तागत अग्निकाण्ड हुआ हो)],Sheet2!E39,Table1[अग्निकाण्ड का दिनांक],">="&DATE(2024,11,1), Table1[अग्निकाण्ड का दिनांक],"<="&EOMONTH(DATE(2024,11,1),0)) -> 0 | AA39: 4 | AB39: =COUNTIFS(Table1[(जिस फायर स्टेशन क्षेत्रार्न्तागत अग्निकाण्ड हुआ हो)],Sheet2!E39,Table1[अग्निकाण्ड का दिनांक],">="&DATE(2024,12,1), Table1[अग्निकाण्ड का दिनांक],"<="&EOMONTH(DATE(2024,12,1),0)) -> 0 | AC39: 2 | AD39: =F39+H39+J39+L39+N39+P39+R39+T39+V39+X39+Z39+AB39 -> 4 | AE39: =G39+I39+K39+M39+O39+Q39+S39+U39+W39+Y39+AA39+AC39 -> 42
C40: 36 | D40: Nainital | E40: नैनीताल | F40: =COUNTIFS(Table1[(जिस फायर स्टेशन क्षेत्रार्न्तागत अग्निकाण्ड हुआ हो)],Sheet2!E40,Table1[अग्निकाण्ड का दिनांक],">="&DATE(2024,1,1), Table1[अग्निकाण्ड का दिनांक],"<="&EOMONTH(DATE(2024,1,1),0)) -> 0 | G40: 7 | H40: =COUNTIFS(Table1[(जिस फायर स्टेशन क्षेत्रार्न्तागत अग्निकाण्ड हुआ हो)],Sheet2!E40,Table1[अग्निकाण्ड का दिनांक],">="&DATE(2024,2,1), Table1[अग्निकाण्ड का दिनांक],"<="&EOMONTH(DATE(2024,2,1),0)) -> 0 | I40: 2 | J40: =COUNTIFS(Table1[(जिस फायर स्टेशन क्षेत्रार्न्तागत अग्निकाण्ड हुआ हो)],Sheet2!E40,Table1[अग्निकाण्ड का दिनांक],">="&DATE(2024,3,1), Table1[अग्निकाण्ड का दिनांक],"<="&EOMONTH(DATE(2024,3,1),0)) -> 0 | K40: 5 | L40: =COUNTIFS(Table1[(जिस फायर स्टेशन क्षेत्रार्न्तागत अग्निकाण्ड हुआ हो)],Sheet2!E40,Table1[अग्निकाण्ड का दिनांक],">="&DATE(2024,4,1), Table1[अग्निकाण्ड का दिनांक],"<="&EOMONTH(DATE(2024,4,1),0)) -> 0 | M40: 76 | N40: =COUNTIFS(Table1[(जिस फायर स्टेशन क्षेत्रार्न्तागत अग्निकाण्ड हुआ हो)],Sheet2!E40,Table1[अग्निकाण्ड का दिनांक],">="&DATE(2024,5,1), Table1[अग्निकाण्ड का दिनांक],"<="&EOMONTH(DATE(2024,5,1),0)) -> 0 | O40: 56 | P40: =COUNTIFS(Table1[(जिस फायर स्टेशन क्षेत्रार्न्तागत अग्निकाण्ड हुआ हो)],Sheet2!E40,Table1[अग्निकाण्ड का दिनांक],">="&DATE(2024,6,1), Table1[अग्निकाण्ड का दिनांक],"<="&EOMONTH(DATE(2024,6,1),0)) -> 0 | Q40: 28 | R40: =COUNTIFS(Table1[(जिस फायर स्टेशन क्षेत्रार्न्तागत अग्निकाण्ड हुआ हो)],Sheet2!E40,Table1[अग्निकाण्ड का दिनांक],">="&DATE(2024,7,1), Table1[अग्निकाण्ड का दिनांक],"<="&EOMONTH(DATE(2024,7,1),0)) -> 0 | S40: 0 | T40: =COUNTIFS(Table1[(जिस फायर स्टेशन क्षेत्रार्न्तागत अग्निकाण्ड हुआ हो)],Sheet2!E40,Table1[अग्निकाण्ड का दिनांक],">="&DATE(2024,8,1), Table1[अग्निकाण्ड का दिनांक],"<="&EOMONTH(DATE(2024,8,1),0)) -> 0 | U40: 0 | V40: =COUNTIFS(Table1[(जिस फायर स्टेशन क्षेत्रार्न्तागत अग्निकाण्ड हुआ हो)],Sheet2!E40,Table1[अग्निकाण्ड का दिनांक],">="&DATE(2024,9,1), Table1[अग्निकाण्ड का दिनांक],"<="&EOMONTH(DATE(2024,9,1),0)) -> 0 | W40: 0 | X40: =COUNTIFS(Table1[(जिस फायर स्टेशन क्षेत्रार्न्तागत अग्निकाण्ड हुआ हो)],Sheet2!E40,Table1[अग्निकाण्ड का दिनांक],">="&DATE(2024,10,1), Table1[अग्निकाण्ड का दिनांक],"<="&EOMONTH(DATE(2024,10,1),0)) -> 0 | Y40: 1 | Z40: =COUNTIFS(Table1[(जिस फायर स्टेशन क्षेत्रार्न्तागत अग्निकाण्ड हुआ हो)],Sheet2!E40,Table1[अग्निकाण्ड का दिनांक],">="&DATE(2024,11,1), Table1[अग्निकाण्ड का दिनांक],"<="&EOMONTH(DATE(2024,11,1),0)) -> 0 | AA40: 4 | AB40: =COUNTIFS(Table1[(जिस फायर स्टेशन क्षेत्रार्न्तागत अग्निकाण्ड हुआ हो)],Sheet2!E40,Table1[अग्निकाण्ड का दिनांक],">="&DATE(2024,12,1), Table1[अग्निकाण्ड का दिनांक],"<="&EOMONTH(DATE(2024,12,1),0)) -> 0 | AC40: 3 | AD40: =F40+H40+J40+L40+N40+P40+R40+T40+V40+X40+Z40+AB40 -> 0 | AE40: =G40+I40+K40+M40+O40+Q40+S40+U40+W40+Y40+AA40+AC40 -> 182
C41: 37 | E41: हल्द्वानी | F41: =COUNTIFS(Table1[(जिस फायर स्टेशन क्षेत्रार्न्तागत अग्निकाण्ड हुआ हो)],Sheet2!E41,Table1[अग्निकाण्ड का दिनांक],">="&DATE(2024,1,1), Table1[अग्निकाण्ड का दिनांक],"<="&EOMONTH(DATE(2024,1,1),0)) -> 0 | G41: 12 | H41: =COUNTIFS(Table1[(जिस फायर स्टेशन क्षेत्रार्न्तागत अग्निकाण्ड हुआ हो)],Sheet2!E41,Table1[अग्निकाण्ड का दिनांक],">="&DATE(2024,2,1), Table1[अग्निकाण्ड का दिनांक],"<="&EOMONTH(DATE(2024,2,1),0)) -> 0 | I41: 21 | J41: =COUNTIFS(Table1[(जिस फायर स्टेशन क्षेत्रार्न्तागत अग्निकाण्ड हुआ हो)],Sheet2!E41,Table1[अग्निकाण्ड का दिनांक],">="&DATE(2024,3,1), Table1[अग्निकाण्ड का दिनांक],"<="&EOMONTH(DATE(2024,3,1),0)) -> 0 | K41: 11 | L41: =COUNTIFS(Table1[(जिस फायर स्टेशन क्षेत्रार्न्तागत अग्निकाण्ड हुआ हो)],Sheet2!E41,Table1[अग्निकाण्ड का दिनांक],">="&DATE(2024,4,1), Table1[अग्निकाण्ड का दिनांक],"<="&EOMONTH(DATE(2024,4,1),0)) -> 0 | M41: 34 | N41: =COUNTIFS(Table1[(जिस फायर स्टेशन क्षेत्रार्न्तागत अग्निकाण्ड हुआ हो)],Sheet2!E41,Table1[अग्निकाण्ड का दिनांक],">="&DATE(2024,5,1), Table1[अग्निकाण्ड का दिनांक],"<="&EOMONTH(DATE(2024,5,1),0)) -> 0 | O41: 43 | P41: =COUNTIFS(Table1[(जिस फायर स्टेशन क्षेत्रार्न्तागत अग्निकाण्ड हुआ हो)],Sheet2!E41,Table1[अग्निकाण्ड का दिनांक],">="&DATE(2024,6,1), Table1[अग्निकाण्ड का दिनांक],"<="&EOMONTH(DATE(2024,6,1),0)) -> 0 | Q41: 31 | R41: =COUNTIFS(Table1[(जिस फायर स्टेशन क्षेत्रार्न्तागत अग्निकाण्ड हुआ हो)],Sheet2!E41,Table1[अग्निकाण्ड का दिनांक],">="&DATE(2024,7,1), Table1[अग्निकाण्ड का दिनांक],"<="&EOMONTH(DATE(2024,7,1),0)) -> 0 | S41: 10 | T41: =COUNTIFS(Table1[(जिस फायर स्टेशन क्षेत्रार्न्तागत अग्निकाण्ड हुआ हो)],Sheet2!E41,Table1[अग्निकाण्ड का दिनांक],">="&DATE(2024,8,1), Table1[अग्निकाण्ड का दिनांक],"<="&EOMONTH(DATE(2024,8,1),0)) -> 0 | U41: 6 | V41: =COUNTIFS(Table1[(जिस फायर स्टेशन क्षेत्रार्न्तागत अग्निकाण्ड हुआ हो)],Sheet2!E41,Table1[अग्निकाण्ड का दिनांक],">="&DATE(2024,9,1), Table1[अग्निकाण्ड का दिनांक],"<="&EOMONTH(DATE(2024,9,1),0)) -> 0 | W41: 9 | X41: =COUNTIFS(Table1[(जिस फायर स्टेशन क्षेत्रार्न्तागत अग्निकाण्ड हुआ हो)],Sheet2!E41,Table1[अग्निकाण्ड का दिनांक],">="&DATE(2024,10,1), Table1[अग्निकाण्ड का दिनांक],"<="&EOMONTH(DATE(2024,10,1),0)) -> 0 | Y41: 10 | Z41: =COUNTIFS(Table1[(जिस फायर स्टेशन क्षेत्रार्न्तागत अग्निकाण्ड हुआ हो)],Sheet2!E41,Table1[अग्निकाण्ड का दिनांक],">="&DATE(2024,11,1), Table1[अग्निकाण्ड का दिनांक],"<="&EOMONTH(DATE(2024,11,1),0)) -> 0 | AA41: 11 | AB41: =COUNTIFS(Table1[(जिस फायर स्टेशन क्षेत्रार्न्तागत अग्निकाण्ड हुआ हो)],Sheet2!E41,Table1[अग्निकाण्ड का दिनांक],">="&DATE(2024,12,1), Table1[अग्निकाण्ड का दिनांक],"<="&EOMONTH(DATE(2024,12,1),0)) -> 0 | AC41: 14 | AD41: =F41+H41+J41+L41+N41+P41+R41+T41+V41+X41+Z41+AB41 -> 0 | AE41: =G41+I41+K41+M41+O41+Q41+S41+U41+W41+Y41+AA41+AC41 -> 212
C42: 38 | E42: रामनगर | F42: =COUNTIFS(Table1[(जिस फायर स्टेशन क्षेत्रार्न्तागत अग्निकाण्ड हुआ हो)],Sheet2!E42,Table1[अग्निकाण्ड का दिनांक],">="&DATE(2024,1,1), Table1[अग्निकाण्ड का दिनांक],"<="&EOMONTH(DATE(2024,1,1),0)) -> 0 | G42: 8 | H42: =COUNTIFS(Table1[(जिस फायर स्टेशन क्षेत्रार्न्तागत अग्निकाण्ड हुआ हो)],Sheet2!E42,Table1[अग्निकाण्ड का दिनांक],">="&DATE(2024,2,1), Table1[अग्निकाण्ड का दिनांक],"<="&EOMONTH(DATE(2024,2,1),0)) -> 0 | I42: 3 | J42: =COUNTIFS(Table1[(जिस फायर स्टेशन क्षेत्रार्न्तागत अग्निकाण्ड हुआ हो)],Sheet2!E42,Table1[अग्निकाण्ड का दिनांक],">="&DATE(2024,3,1), Table1[अग्निकाण्ड का दिनांक],"<="&EOMONTH(DATE(2024,3,1),0)) -> 0 | K42: 4 | L42: =COUNTIFS(Table1[(जिस फायर स्टेशन क्षेत्रार्न्तागत अग्निकाण्ड हुआ हो)],Sheet2!E42,Table1[अग्निकाण्ड का दिनांक],">="&DATE(2024,4,1), Table1[अग्निकाण्ड का दिनांक],"<="&EOMONTH(DATE(2024,4,1),0)) -> 0 | M42: 21 | N42: =COUNTIFS(Table1[(जिस फायर स्टेशन क्षेत्रार्न्तागत अग्निकाण्ड हुआ हो)],Sheet2!E42,Table1[अग्निकाण्ड का दिनांक],">="&DATE(2024,5,1), Table1[अग्निकाण्ड का दिनांक],"<="&EOMONTH(DATE(2024,5,1),0)) -> 0 | O42: 20 | P42: =COUNTIFS(Table1[(जिस फायर स्टेशन क्षेत्रार्न्तागत अग्निकाण्ड हुआ हो)],Sheet2!E42,Table1[अग्निकाण्ड का दिनांक],">="&DATE(2024,6,1), Table1[अग्निकाण्ड का दिनांक],"<="&EOMONTH(DATE(2024,6,1),0)) -> 0 | Q42: 14 | R42: =COUNTIFS(Table1[(जिस फायर स्टेशन क्षेत्रार्न्तागत अग्निकाण्ड हुआ हो)],Sheet2!E42,Table1[अग्निकाण्ड का दिनांक],">="&DATE(2024,7,1), Table1[अग्निकाण्ड का दिनांक],"<="&EOMONTH(DATE(2024,7,1),0)) -> 0 | S42: 0 | T42: =COUNTIFS(Table1[(जिस फायर स्टेशन क्षेत्रार्न्तागत अग्निकाण्ड हुआ हो)],Sheet2!E42,Table1[अग्निकाण्ड का दिनांक],">="&DATE(2024,8,1), Table1[अग्निकाण्ड का दिनांक],"<="&EOMONTH(DATE(2024,8,1),0)) -> 0 | U42: 1 | V42: =COUNTIFS(Table1[(जिस फायर स्टेशन क्षेत्रार्न्तागत अग्निकाण्ड हुआ हो)],Sheet2!E42,Table1[अग्निकाण्ड का दिनांक],">="&DATE(2024,9,1), Table1[अग्निकाण्ड का दिनांक],"<="&EOMONTH(DATE(2024,9,1),0)) -> 0 | W42: 3 | X42: =COUNTIFS(Table1[(जिस फायर स्टेशन क्षेत्रार्न्तागत अग्निकाण्ड हुआ हो)],Sheet2!E42,Table1[अग्निकाण्ड का दिनांक],">="&DATE(2024,10,1), Table1[अग्निकाण्ड का दिनांक],"<="&EOMONTH(DATE(2024,10,1),0)) -> 0 | Y42: 5 | Z42: =COUNTIFS(Table1[(जिस फायर स्टेशन क्षेत्रार्न्तागत अग्निकाण्ड हुआ हो)],Sheet2!E42,Table1[अग्निकाण्ड का दिनांक],">="&DATE(2024,11,1), Table1[अग्निकाण्ड का दिनांक],"<="&EOMONTH(DATE(2024,11,1),0)) -> 0 | AA42: 3 | AB42: =COUNTIFS(Table1[(जिस फायर स्टेशन क्षेत्रार्न्तागत अग्निकाण्ड हुआ हो)],Sheet2!E42,Table1[अग्निकाण्ड का दिनांक],">="&DATE(2024,12,1), Table1[अग्निकाण्ड का दिनांक],"<="&EOMONTH(DATE(2024,12,1),0)) -> 0 | AC42: 6 | AD42: =F42+H42+J42+L42+N42+P42+R42+T42+V42+X42+Z42+AB42 -> 0 | AE42: =G42+I42+K42+M42+O42+Q42+S42+U42+W42+Y42+AA42+AC42 -> 88
C43: 39 | D43: Almora | E43: अल्मोड़ा | F43: =COUNTIFS(Table1[(जिस फायर स्टेशन क्षेत्रार्न्तागत अग्निकाण्ड हुआ हो)],Sheet2!E43,Table1[अग्निकाण्ड का दिनांक],">="&DATE(2024,1,1), Table1[अग्निकाण्ड का दिनांक],"<="&EOMONTH(DATE(2024,1,1),0)) -> 0 | G43: 11 | H43: =COUNTIFS(Table1[(जिस फायर स्टेशन क्षेत्रार्न्तागत अग्निकाण्ड हुआ हो)],Sheet2!E43,Table1[अग्निकाण्ड का दिनांक],">="&DATE(2024,2,1), Table1[अग्निकाण्ड का दिनांक],"<="&EOMONTH(DATE(2024,2,1),0)) -> 0 | I43: 13 | J43: =COUNTIFS(Table1[(जिस फायर स्टेशन क्षेत्रार्न्तागत अग्निकाण्ड हुआ हो)],Sheet2!E43,Table1[अग्निकाण्ड का दिनांक],">="&DATE(2024,3,1), Table1[अग्निकाण्ड का दिनांक],"<="&EOMONTH(DATE(2024,3,1),0)) -> 0 | K43: 14 | L43: =COUNTIFS(Table1[(जिस फायर स्टेशन क्षेत्रार्न्तागत अग्निकाण्ड हुआ हो)],Sheet2!E43,Table1[अग्निकाण्ड का दिनांक],">="&DATE(2024,4,1), Table1[अग्निकाण्ड का दिनांक],"<="&EOMONTH(DATE(2024,4,1),0)) -> 0 | M43: 43 | N43: =COUNTIFS(Table1[(जिस फायर स्टेशन क्षेत्रार्न्तागत अग्निकाण्ड हुआ हो)],Sheet2!E43,Table1[अग्निकाण्ड का दिनांक],">="&DATE(2024,5,1), Table1[अग्निकाण्ड का दिनांक],"<="&EOMONTH(DATE(2024,5,1),0)) -> 0 | O43: 36 | P43: =COUNTIFS(Table1[(जिस फायर स्टेशन क्षेत्रार्न्तागत अग्निकाण्ड हुआ हो)],Sheet2!E43,Table1[अग्निकाण्ड का दिनांक],">="&DATE(2024,6,1), Table1[अग्निकाण्ड का दिनांक],"<="&EOMONTH(DATE(2024,6,1),0)) -> 0 | Q43: 52 | R43: =COUNTIFS(Table1[(जिस फायर स्टेशन क्षेत्रार्न्तागत अग्निकाण्ड हुआ हो)],Sheet2!E43,Table1[अग्निकाण्ड का दिनांक],">="&DATE(2024,7,1), Table1[अग्निकाण्ड का दिनांक],"<="&EOMONTH(DATE(2024,7,1),0)) -> 0 | S43: 0 | T43: =COUNTIFS(Table1[(जिस फायर स्टेशन क्षेत्रार्न्तागत अग्निकाण्ड हुआ हो)],Sheet2!E43,Table1[अग्निकाण्ड का दिनांक],">="&DATE(2024,8,1), Table1[अग्निकाण्ड का दिनांक],"<="&EOMONTH(DATE(2024,8,1),0)) -> 0 | U43: 0 | V43: =COUNTIFS(Table1[(जिस फायर स्टेशन क्षेत्रार्न्तागत अग्निकाण्ड हुआ हो)],Sheet2!E43,Table1[अग्निकाण्ड का दिनांक],">="&DATE(2024,9,1), Table1[अग्निकाण्ड का दिनांक],"<="&EOMONTH(DATE(2024,9,1),0)) -> 0 | W43: 2 | X43: =COUNTIFS(Table1[(जिस फायर स्टेशन क्षेत्रार्न्तागत अग्निकाण्ड हुआ हो)],Sheet2!E43,Table1[अग्निकाण्ड का दिनांक],">="&DATE(2024,10,1), Table1[अग्निकाण्ड का दिनांक],"<="&EOMONTH(DATE(2024,10,1),0)) -> 0 | Y43: 2 | Z43: =COUNTIFS(Table1[(जिस फायर स्टेशन क्षेत्रार्न्तागत अग्निकाण्ड हुआ हो)],Sheet2!E43,Table1[अग्निकाण्ड का दिनांक],">="&DATE(2024,11,1), Table1[अग्निकाण्ड का दिनांक],"<="&EOMONTH(DATE(2024,11,1),0)) -> 0 | AA43: 7 | AB43: =COUNTIFS(Table1[(जिस फायर स्टेशन क्षेत्रार्न्तागत अग्निकाण्ड हुआ हो)],Sheet2!E43,Table1[अग्निकाण्ड का दिनांक],">="&DATE(2024,12,1), Table1[अग्निकाण्ड का दिनांक],"<="&EOMONTH(DATE(2024,12,1),0)) -> 0 | AC43: 13 | AD43: =F43+H43+J43+L43+N43+P43+R43+T43+V43+X43+Z43+AB43 -> 0 | AE43: =G43+I43+K43+M43+O43+Q43+S43+U43+W43+Y43+AA43+AC43 -> 193
C44: 40 | E44: रानीखेत | F44: =COUNTIFS(Table1[(जिस फायर स्टेशन क्षेत्रार्न्तागत अग्निकाण्ड हुआ हो)],Sheet2!E44,Table1[अग्निकाण्ड का दिनांक],">="&DATE(2024,1,1), Table1[अग्निकाण्ड का दिनांक],"<="&EOMONTH(DATE(2024,1,1),0)) -> 0 | G44: 8 | H44: =COUNTIFS(Table1[(जिस फायर स्टेशन क्षेत्रार्न्तागत अग्निकाण्ड हुआ हो)],Sheet2!E44,Table1[अग्निकाण्ड का दिनांक],">="&DATE(2024,2,1), Table1[अग्निकाण्ड का दिनांक],"<="&EOMONTH(DATE(2024,2,1),0)) -> 0 | I44: 4 | J44: =COUNTIFS(Table1[(जिस फायर स्टेशन क्षेत्रार्न्तागत अग्निकाण्ड हुआ हो)],Sheet2!E44,Table1[अग्निकाण्ड का दिनांक],">="&DATE(2024,3,1), Table1[अग्निकाण्ड का दिनांक],"<="&EOMONTH(DATE(2024,3,1),0)) -> 0 | K44: 4 | L44: =COUNTIFS(Table1[(जिस फायर स्टेशन क्षेत्रार्न्तागत अग्निकाण्ड हुआ हो)],Sheet2!E44,Table1[अग्निकाण्ड का दिनांक],">="&DATE(2024,4,1), Table1[अग्निकाण्ड का दिनांक],"<="&EOMONTH(DATE(2024,4,1),0)) -> 0 | M44: 33 | N44: =COUNTIFS(Table1[(जिस फायर स्टेशन क्षेत्रार्न्तागत अग्निकाण्ड हुआ हो)],Sheet2!E44,Table1[अग्निकाण्ड का दिनांक],">="&DATE(2024,5,1), Table1[अग्निकाण्ड का दिनांक],"<="&EOMONTH(DATE(2024,5,1),0)) -> 0 | O44: 40 | P44: =COUNTIFS(Table1[(जिस फायर स्टेशन क्षेत्रार्न्तागत अग्निकाण्ड हुआ हो)],Sheet2!E44,Table1[अग्निकाण्ड का दिनांक],">="&DATE(2024,6,1), Table1[अग्निकाण्ड का दिनांक],"<="&EOMONTH(DATE(2024,6,1),0)) -> 0 | Q44: 32 | R44: =COUNTIFS(Table1[(जिस फायर स्टेशन क्षेत्रार्न्तागत अग्निकाण्ड हुआ हो)],Sheet2!E44,Table1[अग्निकाण्ड का दिनांक],">="&DATE(2024,7,1), Table1[अग्निकाण्ड का दिनांक],"<="&EOMONTH(DATE(2024,7,1),0)) -> 0 | S44: 0 | T44: =COUNTIFS(Table1[(जिस फायर स्टेशन क्षेत्रार्न्तागत अग्निकाण्ड हुआ हो)],Sheet2!E44,Table1[अग्निकाण्ड का दिनांक],">="&DATE(2024,8,1), Table1[अग्निकाण्ड का दिनांक],"<="&EOMONTH(DATE(2024,8,1),0)) -> 0 | U44: 2 | V44: =COUNTIFS(Table1[(जिस फायर स्टेशन क्षेत्रार्न्तागत अग्निकाण्ड हुआ हो)],Sheet2!E44,Table1[अग्निकाण्ड का दिनांक],">="&DATE(2024,9,1), Table1[अग्निकाण्ड का दिनांक],"<="&EOMONTH(DATE(2024,9,1),0)) -> 0 | W44: 0 | X44: =COUNTIFS(Table1[(जिस फायर स्टेशन क्षेत्रार्न्तागत अग्निकाण्ड हुआ हो)],Sheet2!E44,Table1[अग्निकाण्ड का दिनांक],">="&DATE(2024,10,1), Table1[अग्निकाण्ड का दिनांक],"<="&EOMONTH(DATE(2024,10,1),0)) -> 0 | Y44: 2 | Z44: =COUNTIFS(Table1[(जिस फायर स्टेशन क्षेत्रार्न्तागत अग्निकाण्ड हुआ हो)],Sheet2!E44,Table1[अग्निकाण्ड का दिनांक],">="&DATE(2024,11,1), Table1[अग्निकाण्ड का दिनांक],"<="&EOMONTH(DATE(2024,11,1),0)) -> 0 | AA44: 2 | AB44: =COUNTIFS(Table1[(जिस फायर स्टेशन क्षेत्रार्न्तागत अग्निकाण्ड हुआ हो)],Sheet2!E44,Table1[अग्निकाण्ड का दिनांक],">="&DATE(2024,12,1), Table1[अग्निकाण्ड का दिनांक],"<="&EOMONTH(DATE(2024,12,1),0)) -> 0 | AC44: 0 | AD44: =F44+H44+J44+L44+N44+P44+R44+T44+V44+X44+Z44+AB44 -> 0 | AE44: =G44+I44+K44+M44+O44+Q44+S44+U44+W44+Y44+AA44+AC44 -> 127
C45: 41 | D45: Bageshwar | E45: बागेश्वर | F45: =COUNTIFS(Table1[(जिस फायर स्टेशन क्षेत्रार्न्तागत अग्निकाण्ड हुआ हो)],Sheet2!E45,Table1[अग्निकाण्ड का दिनांक],">="&DATE(2024,1,1), Table1[अग्निकाण्ड का दिनांक],"<="&EOMONTH(DATE(2024,1,1),0)) -> 0 | G45: 5 | H45: =COUNTIFS(Table1[(जिस फायर स्टेशन क्षेत्रार्न्तागत अग्निकाण्ड हुआ हो)],Sheet2!E45,Table1[अग्निकाण्ड का दिनांक],">="&DATE(2024,2,1), Table1[अग्निकाण्ड का दिनांक],"<="&EOMONTH(DATE(2024,2,1),0)) -> 0 | I45: 2 | J45: =COUNTIFS(Table1[(जिस फायर स्टेशन क्षेत्रार्न्तागत अग्निकाण्ड हुआ हो)],Sheet2!E45,Table1[अग्निकाण्ड का दिनांक],">="&DATE(2024,3,1), Table1[अग्निकाण्ड का दिनांक],"<="&EOMONTH(DATE(2024,3,1),0)) -> 0 | K45: 9 | L45: =COUNTIFS(Table1[(जिस फायर स्टेशन क्षेत्रार्न्तागत अग्निकाण्ड हुआ हो)],Sheet2!E45,Table1[अग्निकाण्ड का दिनांक],">="&DATE(2024,4,1), Table1[अग्निकाण्ड का दिनांक],"<="&EOMONTH(DATE(2024,4,1),0)) -> 0 | M45: 31 | N45: =COUNTIFS(Table1[(जिस फायर स्टेशन क्षेत्रार्न्तागत अग्निकाण्ड हुआ हो)],Sheet2!E45,Table1[अग्निकाण्ड का दिनांक],">="&DATE(2024,5,1), Table1[अग्निकाण्ड का दिनांक],"<="&EOMONTH(DATE(2024,5,1),0)) -> 0 | O45: 19 | P45: =COUNTIFS(Table1[(जिस फायर स्टेशन क्षेत्रार्न्तागत अग्निकाण्ड हुआ हो)],Sheet2!E45,Table1[अग्निकाण्ड का दिनांक],">="&DATE(2024,6,1), Table1[अग्निकाण्ड का दिनांक],"<="&EOMONTH(DATE(2024,6,1),0)) -> 7 | Q45: 7 | R45: =COUNTIFS(Table1[(जिस फायर स्टेशन क्षेत्रार्न्तागत अग्निकाण्ड हुआ हो)],Sheet2!E45,Table1[अग्निकाण्ड का दिनांक],">="&DATE(2024,7,1), Table1[अग्निकाण्ड का दिनांक],"<="&EOMONTH(DATE(2024,7,1),0)) -> 0 | S45: 0 | T45: =COUNTIFS(Table1[(जिस फायर स्टेशन क्षेत्रार्न्तागत अग्निकाण्ड हुआ हो)],Sheet2!E45,Table1[अग्निकाण्ड का दिनांक],">="&DATE(2024,8,1), Table1[अग्निकाण्ड का दिनांक],"<="&EOMONTH(DATE(2024,8,1),0)) -> 0 | U45: 0 | V45: =COUNTIFS(Table1[(जिस फायर स्टेशन क्षेत्रार्न्तागत अग्निकाण्ड हुआ हो)],Sheet2!E45,Table1[अग्निकाण्ड का दिनांक],">="&DATE(2024,9,1), Table1[अग्निकाण्ड का दिनांक],"<="&EOMONTH(DATE(2024,9,1),0)) -> 0 | W45: 1 | X45: =COUNTIFS(Table1[(जिस फायर स्टेशन क्षेत्रार्न्तागत अग्निकाण्ड हुआ हो)],Sheet2!E45,Table1[अग्निकाण्ड का दिनांक],">="&DATE(2024,10,1), Table1[अग्निकाण्ड का दिनांक],"<="&EOMONTH(DATE(2024,10,1),0)) -> 0 | Y45: 5 | Z45: =COUNTIFS(Table1[(जिस फायर स्टेशन क्षेत्रार्न्तागत अग्निकाण्ड हुआ हो)],Sheet2!E45,Table1[अग्निकाण्ड का दिनांक],">="&DATE(2024,11,1), Table1[अग्निकाण्ड का दिनांक],"<="&EOMONTH(DATE(2024,11,1),0)) -> 0 | AA45: 3 | AB45: =COUNTIFS(Table1[(जिस फायर स्टेशन क्षेत्रार्न्तागत अग्निकाण्ड हुआ हो)],Sheet2!E45,Table1[अग्निकाण्ड का दिनांक],">="&DATE(2024,12,1), Table1[अग्निकाण्ड का दिनांक],"<="&EOMONTH(DATE(2024,12,1),0)) -> 0 | AC45: 1 | AD45: =F45+H45+J45+L45+N45+P45+R45+T45+V45+X45+Z45+AB45 -> 7 | AE45: =G45+I45+K45+M45+O45+Q45+S45+U45+W45+Y45+AA45+AC45 -> 83
C46: 42 | E46: गरूड़ | F46: =COUNTIFS(Table1[(जिस फायर स्टेशन क्षेत्रार्न्तागत अग्निकाण्ड हुआ हो)],Sheet2!E46,Table1[अग्निकाण्ड का दिनांक],">="&DATE(2024,1,1), Table1[अग्निकाण्ड का दिनांक],"<="&EOMONTH(DATE(2024,1,1),0)) -> 0 | G46: 4 | H46: =COUNTIFS(Table1[(जिस फायर स्टेशन क्षेत्रार्न्तागत अग्निकाण्ड हुआ हो)],Sheet2!E46,Table1[अग्निकाण्ड का दिनांक],">="&DATE(2024,2,1), Table1[अग्निकाण्ड का दिनांक],"<="&EOMONTH(DATE(2024,2,1),0)) -> 0 | I46: 4 | J46: =COUNTIFS(Table1[(जिस फायर स्टेशन क्षेत्रार्न्तागत अग्निकाण्ड हुआ हो)],Sheet2!E46,Table1[अग्निकाण्ड का दिनांक],">="&DATE(2024,3,1), Table1[अग्निकाण्ड का दिनांक],"<="&EOMONTH(DATE(2024,3,1),0)) -> 0 | K46: 3 | L46: =COUNTIFS(Table1[(जिस फायर स्टेशन क्षेत्रार्न्तागत अग्निकाण्ड हुआ हो)],Sheet2!E46,Table1[अग्निकाण्ड का दिनांक],">="&DATE(2024,4,1), Table1[अग्निकाण्ड का दिनांक],"<="&EOMONTH(DATE(2024,4,1),0)) -> 0 | M46: 22 | N46: =COUNTIFS(Table1[(जिस फायर स्टेशन क्षेत्रार्न्तागत अग्निकाण्ड हुआ हो)],Sheet2!E46,Table1[अग्निकाण्ड का दिनांक],">="&DATE(2024,5,1), Table1[अग्निकाण्ड का दिनांक],"<="&EOMONTH(DATE(2024,5,1),0)) -> 0 | O46: 28 | P46: =COUNTIFS(Table1[(जिस फायर स्टेशन क्षेत्रार्न्तागत अग्निकाण्ड हुआ हो)],Sheet2!E46,Table1[अग्निकाण्ड का दिनांक],">="&DATE(2024,6,1), Table1[अग्निकाण्ड का दिनांक],"<="&EOMONTH(DATE(2024,6,1),0)) -> 11 | Q46: 11 | R46: =COUNTIFS(Table1[(जिस फायर स्टेशन क्षेत्रार्न्तागत अग्निकाण्ड हुआ हो)],Sheet2!E46,Table1[अग्निकाण्ड का दिनांक],">="&DATE(2024,7,1), Table1[अग्निकाण्ड का दिनांक],"<="&EOMONTH(DATE(2024,7,1),0)) -> 0 | S46: 2 | T46: =COUNTIFS(Table1[(जिस फायर स्टेशन क्षेत्रार्न्तागत अग्निकाण्ड हुआ हो)],Sheet2!E46,Table1[अग्निकाण्ड का दिनांक],">="&DATE(2024,8,1), Table1[अग्निकाण्ड का दिनांक],"<="&EOMONTH(DATE(2024,8,1),0)) -> 0 | U46: 0 | V46: =COUNTIFS(Table1[(जिस फायर स्टेशन क्षेत्रार्न्तागत अग्निकाण्ड हुआ हो)],Sheet2!E46,Table1[अग्निकाण्ड का दिनांक],">="&DATE(2024,9,1), Table1[अग्निकाण्ड का दिनांक],"<="&EOMONTH(DATE(2024,9,1),0)) -> 0 | W46: 1 | X46: =COUNTIFS(Table1[(जिस फायर स्टेशन क्षेत्रार्न्तागत अग्निकाण्ड हुआ हो)],Sheet2!E46,Table1[अग्निकाण्ड का दिनांक],">="&DATE(2024,10,1), Table1[अग्निकाण्ड का दिनांक],"<="&EOMONTH(DATE(2024,10,1),0)) -> 0 | Y46: 3 | Z46: =COUNTIFS(Table1[(जिस फायर स्टेशन क्षेत्रार्न्तागत अग्निकाण्ड हुआ हो)],Sheet2!E46,Table1[अग्निकाण्ड का दिनांक],">="&DATE(2024,11,1), Table1[अग्निकाण्ड का दिनांक],"<="&EOMONTH(DATE(2024,11,1),0)) -> 0 | AA46: 0 | AB46: =COUNTIFS(Table1[(जिस फायर स्टेशन क्षेत्रार्न्तागत अग्निकाण्ड हुआ हो)],Sheet2!E46,Table1[अग्निकाण्ड का दिनांक],">="&DATE(2024,12,1), Table1[अग्निकाण्ड का दिनांक],"<="&EOMONTH(DATE(2024,12,1),0)) -> 0 | AC46: 2 | AD46: =F46+H46+J46+L46+N46+P46+R46+T46+V46+X46+Z46+AB46 -> 11 | AE46: =G46+I46+K46+M46+O46+Q46+S46+U46+W46+Y46+AA46+AC46 -> 80
C47: 43 | E47: कपकोट | F47: =COUNTIFS(Table1[(जिस फायर स्टेशन क्षेत्रार्न्तागत अग्निकाण्ड हुआ हो)],Sheet2!E47,Table1[अग्निकाण्ड का दिनांक],">="&DATE(2024,1,1), Table1[अग्निकाण्ड का दिनांक],"<="&EOMONTH(DATE(2024,1,1),0)) -> 0 | G47: 0 | H47: =COUNTIFS(Table1[(जिस फायर स्टेशन क्षेत्रार्न्तागत अग्निकाण्ड हुआ हो)],Sheet2!E47,Table1[अग्निकाण्ड का दिनांक],">="&DATE(2024,2,1), Table1[अग्निकाण्ड का दिनांक],"<="&EOMONTH(DATE(2024,2,1),0)) -> 0 | I47: 1 | J47: =COUNTIFS(Table1[(जिस फायर स्टेशन क्षेत्रार्न्तागत अग्निकाण्ड हुआ हो)],Sheet2!E47,Table1[अग्निकाण्ड का दिनांक],">="&DATE(2024,3,1), Table1[अग्निकाण्ड का दिनांक],"<="&EOMONTH(DATE(2024,3,1),0)) -> 0 | K47: 1 | L47: =COUNTIFS(Table1[(जिस फायर स्टेशन क्षेत्रार्न्तागत अग्निकाण्ड हुआ हो)],Sheet2!E47,Table1[अग्निकाण्ड का दिनांक],">="&DATE(2024,4,1), Table1[अग्निकाण्ड का दिनांक],"<="&EOMONTH(DATE(2024,4,1),0)) -> 0 | M47: 5 | N47: =COUNTIFS(Table1[(जिस फायर स्टेशन क्षेत्रार्न्तागत अग्निकाण्ड हुआ हो)],Sheet2!E47,Table1[अग्निकाण्ड का दिनांक],">="&DATE(2024,5,1), Table1[अग्निकाण्ड का दिनांक],"<="&EOMONTH(DATE(2024,5,1),0)) -> 0 | O47: 8 | P47: =COUNTIFS(Table1[(जिस फायर स्टेशन क्षेत्रार्न्तागत अग्निकाण्ड हुआ हो)],Sheet2!E47,Table1[अग्निकाण्ड का दिनांक],">="&DATE(2024,6,1), Table1[अग्निकाण्ड का दिनांक],"<="&EOMONTH(DATE(2024,6,1),0)) -> 1 | Q47: 4 | R47: =COUNTIFS(Table1[(जिस फायर स्टेशन क्षेत्रार्न्तागत अग्निकाण्ड हुआ हो)],Sheet2!E47,Table1[अग्निकाण्ड का दिनांक],">="&DATE(2024,7,1), Table1[अग्निकाण्ड का दिनांक],"<="&EOMONTH(DATE(2024,7,1),0)) -> 0 | S47: 0 | T47: =COUNTIFS(Table1[(जिस फायर स्टेशन क्षेत्रार्न्तागत अग्निकाण्ड हुआ हो)],Sheet2!E47,Table1[अग्निकाण्ड का दिनांक],">="&DATE(2024,8,1), Table1[अग्निकाण्ड का दिनांक],"<="&EOMONTH(DATE(2024,8,1),0)) -> 0 | U47: 0 | V47: =COUNTIFS(Table1[(जिस फायर स्टेशन क्षेत्रार्न्तागत अग्निकाण्ड हुआ हो)],Sheet2!E47,Table1[अग्निकाण्ड का दिनांक],">="&DATE(2024,9,1), Table1[अग्निकाण्ड का दिनांक],"<="&EOMONTH(DATE(2024,9,1),0)) -> 0 | W47: 0 | X47: =COUNTIFS(Table1[(जिस फायर स्टेशन क्षेत्रार्न्तागत अग्निकाण्ड हुआ हो)],Sheet2!E47,Table1[अग्निकाण्ड का दिनांक],">="&DATE(2024,10,1), Table1[अग्निकाण्ड का दिनांक],"<="&EOMONTH(DATE(2024,10,1),0)) -> 0 | Y47: 0 | Z47: =COUNTIFS(Table1[(जिस फायर स्टेशन क्षेत्रार्न्तागत अग्निकाण्ड हुआ हो)],Sheet2!E47,Table1[अग्निकाण्ड का दिनांक],">="&DATE(2024,11,1), Table1[अग्निकाण्ड का दिनांक],"<="&EOMONTH(DATE(2024,11,1),0)) -> 0 | AA47: 0 | AB47: =COUNTIFS(Table1[(जिस फायर स्टेशन क्षेत्रार्न्तागत अग्निकाण्ड हुआ हो)],Sheet2!E47,Table1[अग्निकाण्ड का दिनांक],">="&DATE(2024,12,1), Table1[अग्निकाण्ड का दिनांक],"<="&EOMONTH(DATE(2024,12,1),0)) -> 0 | AC47: 0 | AD47: =F47+H47+J47+L47+N47+P47+R47+T47+V47+X47+Z47+AB47 -> 1 | AE47: =G47+I47+K47+M47+O47+Q47+S47+U47+W47+Y47+AA47+AC47 -> 19
C48: 44 | D48: Pithoragarh | E48: पिथौरागढ़ | F48: =COUNTIFS(Table1[(जिस फायर स्टेशन क्षेत्रार्न्तागत अग्निकाण्ड हुआ हो)],Sheet2!E48,Table1[अग्निकाण्ड का दिनांक],">="&DATE(2024,1,1), Table1[अग्निकाण्ड का दिनांक],"<="&EOMONTH(DATE(2024,1,1),0)) -> 0 | G48: 3 | H48: =COUNTIFS(Table1[(जिस फायर स्टेशन क्षेत्रार्न्तागत अग्निकाण्ड हुआ हो)],Sheet2!E48,Table1[अग्निकाण्ड का दिनांक],">="&DATE(2024,2,1), Table1[अग्निकाण्ड का दिनांक],"<="&EOMONTH(DATE(2024,2,1),0)) -> 0 | I48: 2 | J48: =COUNTIFS(Table1[(जिस फायर स्टेशन क्षेत्रार्न्तागत अग्निकाण्ड हुआ हो)],Sheet2!E48,Table1[अग्निकाण्ड का दिनांक],">="&DATE(2024,3,1), Table1[अग्निकाण्ड का दिनांक],"<="&EOMONTH(DATE(2024,3,1),0)) -> 0 | K48: 3 | L48: =COUNTIFS(Table1[(जिस फायर स्टेशन क्षेत्रार्न्तागत अग्निकाण्ड हुआ हो)],Sheet2!E48,Table1[अग्निकाण्ड का दिनांक],">="&DATE(2024,4,1), Table1[अग्निकाण्ड का दिनांक],"<="&EOMONTH(DATE(2024,4,1),0)) -> 0 | M48: 12 | N48: =COUNTIFS(Table1[(जिस फायर स्टेशन क्षेत्रार्न्तागत अग्निकाण्ड हुआ हो)],Sheet2!E48,Table1[अग्निकाण्ड का दिनांक],">="&DATE(2024,5,1), Table1[अग्निकाण्ड का दिनांक],"<="&EOMONTH(DATE(2024,5,1),0)) -> 0 | O48: 7 | P48: =COUNTIFS(Table1[(जिस फायर स्टेशन क्षेत्रार्न्तागत अग्निकाण्ड हुआ हो)],Sheet2!E48,Table1[अग्निकाण्ड का दिनांक],">="&DATE(2024,6,1), Table1[अग्निकाण्ड का दिनांक],"<="&EOMONTH(DATE(2024,6,1),0)) -> 0 | Q48: 6 | R48: =COUNTIFS(Table1[(जिस फायर स्टेशन क्षेत्रार्न्तागत अग्निकाण्ड हुआ हो)],Sheet2!E48,Table1[अग्निकाण्ड का दिनांक],">="&DATE(2024,7,1), Table1[अग्निकाण्ड का दिनांक],"<="&EOMONTH(DATE(2024,7,1),0)) -> 0 | S48: 4 | T48: =COUNTIFS(Table1[(जिस फायर स्टेशन क्षेत्रार्न्तागत अग्निकाण्ड हुआ हो)],Sheet2!E48,Table1[अग्निकाण्ड का दिनांक],">="&DATE(2024,8,1), Table1[अग्निकाण्ड का दिनांक],"<="&EOMONTH(DATE(2024,8,1),0)) -> 0 | U48: 1 | V48: =COUNTIFS(Table1[(जिस फायर स्टेशन क्षेत्रार्न्तागत अग्निकाण्ड हुआ हो)],Sheet2!E48,Table1[अग्निकाण्ड का दिनांक],">="&DATE(2024,9,1), Table1[अग्निकाण्ड का दिनांक],"<="&EOMONTH(DATE(2024,9,1),0)) -> 0 | W48: 2 | X48: =COUNTIFS(Table1[(जिस फायर स्टेशन क्षेत्रार्न्तागत अग्निकाण्ड हुआ हो)],Sheet2!E48,Table1[अग्निकाण्ड का दिनांक],">="&DATE(2024,10,1), Table1[अग्निकाण्ड का दिनांक],"<="&EOMONTH(DATE(2024,10,1),0)) -> 0 | Y48: 3 | Z48: =COUNTIFS(Table1[(जिस फायर स्टेशन क्षेत्रार्न्तागत अग्निकाण्ड हुआ हो)],Sheet2!E48,Table1[अग्निकाण्ड का दिनांक],">="&DATE(2024,11,1), Table1[अग्निकाण्ड का दिनांक],"<="&EOMONTH(DATE(2024,11,1),0)) -> 0 | AA48: 2 | AB48: =COUNTIFS(Table1[(जिस फायर स्टेशन क्षेत्रार्न्तागत अग्निकाण्ड हुआ हो)],Sheet2!E48,Table1[अग्निकाण्ड का दिनांक],">="&DATE(2024,12,1), Table1[अग्निकाण्ड का दिनांक],"<="&EOMONTH(DATE(2024,12,1),0)) -> 0 | AC48: 2 | AD48: =F48+H48+J48+L48+N48+P48+R48+T48+V48+X48+Z48+AB48 -> 0 | AE48: =G48+I48+K48+M48+O48+Q48+S48+U48+W48+Y48+AA48+AC48 -> 47
C49: 45 | E49: धारचूला | F49: =COUNTIFS(Table1[(जिस फायर स्टेशन क्षेत्रार्न्तागत अग्निकाण्ड हुआ हो)],Sheet2!E49,Table1[अग्निकाण्ड का दिनांक],">="&DATE(2024,1,1), Table1[अग्निकाण्ड का दिनांक],"<="&EOMONTH(DATE(2024,1,1),0)) -> 0 | G49: 1 | H49: =COUNTIFS(Table1[(जिस फायर स्टेशन क्षेत्रार्न्तागत अग्निकाण्ड हुआ हो)],Sheet2!E49,Table1[अग्निकाण्ड का दिनांक],">="&DATE(2024,2,1), Table1[अग्निकाण्ड का दिनांक],"<="&EOMONTH(DATE(2024,2,1),0)) -> 0 | I49: 1 | J49: =COUNTIFS(Table1[(जिस फायर स्टेशन क्षेत्रार्न्तागत अग्निकाण्ड हुआ हो)],Sheet2!E49,Table1[अग्निकाण्ड का दिनांक],">="&DATE(2024,3,1), Table1[अग्निकाण्ड का दिनांक],"<="&EOMONTH(DATE(2024,3,1),0)) -> 0 | K49: 0 | L49: =COUNTIFS(Table1[(जिस फायर स्टेशन क्षेत्रार्न्तागत अग्निकाण्ड हुआ हो)],Sheet2!E49,Table1[अग्निकाण्ड का दिनांक],">="&DATE(2024,4,1), Table1[अग्निकाण्ड का दिनांक],"<="&EOMONTH(DATE(2024,4,1),0)) -> 0 | M49: 2 | N49: =COUNTIFS(Table1[(जिस फायर स्टेशन क्षेत्रार्न्तागत अग्निकाण्ड हुआ हो)],Sheet2!E49,Table1[अग्निकाण्ड का दिनांक],">="&DATE(2024,5,1), Table1[अग्निकाण्ड का दिनांक],"<="&EOMONTH(DATE(2024,5,1),0)) -> 0 | O49: 4 | P49: =COUNTIFS(Table1[(जिस फायर स्टेशन क्षेत्रार्न्तागत अग्निकाण्ड हुआ हो)],Sheet2!E49,Table1[अग्निकाण्ड का दिनांक],">="&DATE(2024,6,1), Table1[अग्निकाण्ड का दिनांक],"<="&EOMONTH(DATE(2024,6,1),0)) -> 0 | Q49: 0 | R49: =COUNTIFS(Table1[(जिस फायर स्टेशन क्षेत्रार्न्तागत अग्निकाण्ड हुआ हो)],Sheet2!E49,Table1[अग्निकाण्ड का दिनांक],">="&DATE(2024,7,1), Table1[अग्निकाण्ड का दिनांक],"<="&EOMONTH(DATE(2024,7,1),0)) -> 0 | S49: 0 | T49: =COUNTIFS(Table1[(जिस फायर स्टेशन क्षेत्रार्न्तागत अग्निकाण्ड हुआ हो)],Sheet2!E49,Table1[अग्निकाण्ड का दिनांक],">="&DATE(2024,8,1), Table1[अग्निकाण्ड का दिनांक],"<="&EOMONTH(DATE(2024,8,1),0)) -> 0 | U49: 0 | V49: =COUNTIFS(Table1[(जिस फायर स्टेशन क्षेत्रार्न्तागत अग्निकाण्ड हुआ हो)],Sheet2!E49,Table1[अग्निकाण्ड का दिनांक],">="&DATE(2024,9,1), Table1[अग्निकाण्ड का दिनांक],"<="&EOMONTH(DATE(2024,9,1),0)) -> 0 | W49: 0 | X49: =COUNTIFS(Table1[(जिस फायर स्टेशन क्षेत्रार्न्तागत अग्निकाण्ड हुआ हो)],Sheet2!E49,Table1[अग्निकाण्ड का दिनांक],">="&DATE(2024,10,1), Table1[अग्निकाण्ड का दिनांक],"<="&EOMONTH(DATE(2024,10,1),0)) -> 0 | Y49: 0 | Z49: =COUNTIFS(Table1[(जिस फायर स्टेशन क्षेत्रार्न्तागत अग्निकाण्ड हुआ हो)],Sheet2!E49,Table1[अग्निकाण्ड का दिनांक],">="&DATE(2024,11,1), Table1[अग्निकाण्ड का दिनांक],"<="&EOMONTH(DATE(2024,11,1),0)) -> 0 | AA49: 1 | AB49: =COUNTIFS(Table1[(जिस फायर स्टेशन क्षेत्रार्न्तागत अग्निकाण्ड हुआ हो)],Sheet2!E49,Table1[अग्निकाण्ड का दिनांक],">="&DATE(2024,12,1), Table1[अग्निकाण्ड का दिनांक],"<="&EOMONTH(DATE(2024,12,1),0)) -> 0 | AC49: 0 | AD49: =F49+H49+J49+L49+N49+P49+R49+T49+V49+X49+Z49+AB49 -> 0 | AE49: =G49+I49+K49+M49+O49+Q49+S49+U49+W49+Y49+AA49+AC49 -> 9
C50: 46 | E50: डीडीहाट | F50: =COUNTIFS(Table1[(जिस फायर स्टेशन क्षेत्रार्न्तागत अग्निकाण्ड हुआ हो)],Sheet2!E50,Table1[अग्निकाण्ड का दिनांक],">="&DATE(2024,1,1), Table1[अग्निकाण्ड का दिनांक],"<="&EOMONTH(DATE(2024,1,1),0)) -> 0 | G50: 0 | H50: =COUNTIFS(Table1[(जिस फायर स्टेशन क्षेत्रार्न्तागत अग्निकाण्ड हुआ हो)],Sheet2!E50,Table1[अग्निकाण्ड का दिनांक],">="&DATE(2024,2,1), Table1[अग्निकाण्ड का दिनांक],"<="&EOMONTH(DATE(2024,2,1),0)) -> 0 | I50: 0 | J50: =COUNTIFS(Table1[(जिस फायर स्टेशन क्षेत्रार्न्तागत अग्निकाण्ड हुआ हो)],Sheet2!E50,Table1[अग्निकाण्ड का दिनांक],">="&DATE(2024,3,1), Table1[अग्निकाण्ड का दिनांक],"<="&EOMONTH(DATE(2024,3,1),0)) -> 0 | K50: 3 | L50: =COUNTIFS(Table1[(जिस फायर स्टेशन क्षेत्रार्न्तागत अग्निकाण्ड हुआ हो)],Sheet2!E50,Table1[अग्निकाण्ड का दिनांक],">="&DATE(2024,4,1), Table1[अग्निकाण्ड का दिनांक],"<="&EOMONTH(DATE(2024,4,1),0)) -> 0 | M50: 9 | N50: =COUNTIFS(Table1[(जिस फायर स्टेशन क्षेत्रार्न्तागत अग्निकाण्ड हुआ हो)],Sheet2!E50,Table1[अग्निकाण्ड का दिनांक],">="&DATE(2024,5,1), Table1[अग्निकाण्ड का दिनांक],"<="&EOMONTH(DATE(2024,5,1),0)) -> 0 | O50: 1 | P50: =COUNTIFS(Table1[(जिस फायर स्टेशन क्षेत्रार्न्तागत अग्निकाण्ड हुआ हो)],Sheet2!E50,Table1[अग्निकाण्ड का दिनांक],">="&DATE(2024,6,1), Table1[अग्निकाण्ड का दिनांक],"<="&EOMONTH(DATE(2024,6,1),0)) -> 0 | Q50: 0 | R50: =COUNTIFS(Table1[(जिस फायर स्टेशन क्षेत्रार्न्तागत अग्निकाण्ड हुआ हो)],Sheet2!E50,Table1[अग्निकाण्ड का दिनांक],">="&DATE(2024,7,1), Table1[अग्निकाण्ड का दिनांक],"<="&EOMONTH(DATE(2024,7,1),0)) -> 0 | S50: 0 | T50: =COUNTIFS(Table1[(जिस फायर स्टेशन क्षेत्रार्न्तागत अग्निकाण्ड हुआ हो)],Sheet2!E50,Table1[अग्निकाण्ड का दिनांक],">="&DATE(2024,8,1), Table1[अग्निकाण्ड का दिनांक],"<="&EOMONTH(DATE(2024,8,1),0)) -> 0 | U50: 0 | V50: =COUNTIFS(Table1[(जिस फायर स्टेशन क्षेत्रार्न्तागत अग्निकाण्ड हुआ हो)],Sheet2!E50,Table1[अग्निकाण्ड का दिनांक],">="&DATE(2024,9,1), Table1[अग्निकाण्ड का दिनांक],"<="&EOMONTH(DATE(2024,9,1),0)) -> 0 | W50: 0 | X50: =COUNTIFS(Table1[(जिस फायर स्टेशन क्षेत्रार्न्तागत अग्निकाण्ड हुआ हो)],Sheet2!E50,Table1[अग्निकाण्ड का दिनांक],">="&DATE(2024,10,1), Table1[अग्निकाण्ड का दिनांक],"<="&EOMONTH(DATE(2024,10,1),0)) -> 0 | Y50: 0 | Z50: =COUNTIFS(Table1[(जिस फायर स्टेशन क्षेत्रार्न्तागत अग्निकाण्ड हुआ हो)],Sheet2!E50,Table1[अग्निकाण्ड का दिनांक],">="&DATE(2024,11,1), Table1[अग्निकाण्ड का दिनांक],"<="&EOMONTH(DATE(2024,11,1),0)) -> 0 | AA50: 2 | AB50: =COUNTIFS(Table1[(जिस फायर स्टेशन क्षेत्रार्न्तागत अग्निकाण्ड हुआ हो)],Sheet2!E50,Table1[अग्निकाण्ड का दिनांक],">="&DATE(2024,12,1), Table1[अग्निकाण्ड का दिनांक],"<="&EOMONTH(DATE(2024,12,1),0)) -> 0 | AC50: 0 | AD50: =F50+H50+J50+L50+N50+P50+R50+T50+V50+X50+Z50+AB50 -> 0 | AE50: =G50+I50+K50+M50+O50+Q50+S50+U50+W50+Y50+AA50+AC50 -> 15
C51: 47 | D51: Champawat | E51: लोहाघाट | F51: =COUNTIFS(Table1[(जिस फायर स्टेशन क्षेत्रार्न्तागत अग्निकाण्ड हुआ हो)],Sheet2!E51,Table1[अग्निकाण्ड का दिनांक],">="&DATE(2024,1,1), Table1[अग्निकाण्ड का दिनांक],"<="&EOMONTH(DATE(2024,1,1),0)) -> 0 | G51: 6 | H51: =COUNTIFS(Table1[(जिस फायर स्टेशन क्षेत्रार्न्तागत अग्निकाण्ड हुआ हो)],Sheet2!E51,Table1[अग्निकाण्ड का दिनांक],">="&DATE(2024,2,1), Table1[अग्निकाण्ड का दिनांक],"<="&EOMONTH(DATE(2024,2,1),0)) -> 0 | I51: 2 | J51: =COUNTIFS(Table1[(जिस फायर स्टेशन क्षेत्रार्न्तागत अग्निकाण्ड हुआ हो)],Sheet2!E51,Table1[अग्निकाण्ड का दिनांक],">="&DATE(2024,3,1), Table1[अग्निकाण्ड का दिनांक],"<="&EOMONTH(DATE(2024,3,1),0)) -> 0 | K51: 5 | L51: =COUNTIFS(Table1[(जिस फायर स्टेशन क्षेत्रार्न्तागत अग्निकाण्ड हुआ हो)],Sheet2!E51,Table1[अग्निकाण्ड का दिनांक],">="&DATE(2024,4,1), Table1[अग्निकाण्ड का दिनांक],"<="&EOMONTH(DATE(2024,4,1),0)) -> 0 | M51: 32 | N51: =COUNTIFS(Table1[(जिस फायर स्टेशन क्षेत्रार्न्तागत अग्निकाण्ड हुआ हो)],Sheet2!E51,Table1[अग्निकाण्ड का दिनांक],">="&DATE(2024,5,1), Table1[अग्निकाण्ड का दिनांक],"<="&EOMONTH(DATE(2024,5,1),0)) -> 0 | O51: 34 | P51: =COUNTIFS(Table1[(जिस फायर स्टेशन क्षेत्रार्न्तागत अग्निकाण्ड हुआ हो)],Sheet2!E51,Table1[अग्निकाण्ड का दिनांक],">="&DATE(2024,6,1), Table1[अग्निकाण्ड का दिनांक],"<="&EOMONTH(DATE(2024,6,1),0)) -> 0 | Q51: 14 | R51: =COUNTIFS(Table1[(जिस फायर स्टेशन क्षेत्रार्न्तागत अग्निकाण्ड हुआ हो)],Sheet2!E51,Table1[अग्निकाण्ड का दिनांक],">="&DATE(2024,7,1), Table1[अग्निकाण्ड का दिनांक],"<="&EOMONTH(DATE(2024,7,1),0)) -> 0 | S51: 0 | T51: =COUNTIFS(Table1[(जिस फायर स्टेशन क्षेत्रार्न्तागत अग्निकाण्ड हुआ हो)],Sheet2!E51,Table1[अग्निकाण्ड का दिनांक],">="&DATE(2024,8,1), Table1[अग्निकाण्ड का दिनांक],"<="&EOMONTH(DATE(2024,8,1),0)) -> 0 | U51: 0 | V51: =COUNTIFS(Table1[(जिस फायर स्टेशन क्षेत्रार्न्तागत अग्निकाण्ड हुआ हो)],Sheet2!E51,Table1[अग्निकाण्ड का दिनांक],">="&DATE(2024,9,1), Table1[अग्निकाण्ड का दिनांक],"<="&EOMONTH(DATE(2024,9,1),0)) -> 0 | W51: 0 | X51: =COUNTIFS(Table1[(जिस फायर स्टेशन क्षेत्रार्न्तागत अग्निकाण्ड हुआ हो)],Sheet2!E51,Table1[अग्निकाण्ड का दिनांक],">="&DATE(2024,10,1), Table1[अग्निकाण्ड का दिनांक],"<="&EOMONTH(DATE(2024,10,1),0)) -> 0 | Y51: 1 | Z51: =COUNTIFS(Table1[(जिस फायर स्टेशन क्षेत्रार्न्तागत अग्निकाण्ड हुआ हो)],Sheet2!E51,Table1[अग्निकाण्ड का दिनांक],">="&DATE(2024,11,1), Table1[अग्निकाण्ड का दिनांक],"<="&EOMONTH(DATE(2024,11,1),0)) -> 0 | AA51: 0 | AB51: =COUNTIFS(Table1[(जिस फायर स्टेशन क्षेत्रार्न्तागत अग्निकाण्ड हुआ हो)],Sheet2!E51,Table1[अग्निकाण्ड का दिनांक],">="&DATE(2024,12,1), Table1[अग्निकाण्ड का दिनांक],"<="&EOMONTH(DATE(2024,12,1),0)) -> 0 | AC51: 0 | AD51: =F51+H51+J51+L51+N51+P51+R51+T51+V51+X51+Z51+AB51 -> 0 | AE51: =G51+I51+K51+M51+O51+Q51+S51+U51+W51+Y51+AA51+AC51 -> 94
C52: 48 | E52: टनकपुर | F52: =COUNTIFS(Table1[(जिस फायर स्टेशन क्षेत्रार्न्तागत अग्निकाण्ड हुआ हो)],Sheet2!E52,Table1[अग्निकाण्ड का दिनांक],">="&DATE(2024,1,1), Table1[अग्निकाण्ड का दिनांक],"<="&EOMONTH(DATE(2024,1,1),0)) -> 0 | G52: 4 | H52: =COUNTIFS(Table1[(जिस फायर स्टेशन क्षेत्रार्न्तागत अग्निकाण्ड हुआ हो)],Sheet2!E52,Table1[अग्निकाण्ड का दिनांक],">="&DATE(2024,2,1), Table1[अग्निकाण्ड का दिनांक],"<="&EOMONTH(DATE(2024,2,1),0)) -> 0 | I52: 3 | J52: =COUNTIFS(Table1[(जिस फायर स्टेशन क्षेत्रार्न्तागत अग्निकाण्ड हुआ हो)],Sheet2!E52,Table1[अग्निकाण्ड का दिनांक],">="&DATE(2024,3,1), Table1[अग्निकाण्ड का दिनांक],"<="&EOMONTH(DATE(2024,3,1),0)) -> 0 | K52: 4 | L52: =COUNTIFS(Table1[(जिस फायर स्टेशन क्षेत्रार्न्तागत अग्निकाण्ड हुआ हो)],Sheet2!E52,Table1[अग्निकाण्ड का दिनांक],">="&DATE(2024,4,1), Table1[अग्निकाण्ड का दिनांक],"<="&EOMONTH(DATE(2024,4,1),0)) -> 0 | M52: 10 | N52: =COUNTIFS(Table1[(जिस फायर स्टेशन क्षेत्रार्न्तागत अग्निकाण्ड हुआ हो)],Sheet2!E52,Table1[अग्निकाण्ड का दिनांक],">="&DATE(2024,5,1), Table1[अग्निकाण्ड का दिनांक],"<="&EOMONTH(DATE(2024,5,1),0)) -> 0 | O52: 10 | P52: =COUNTIFS(Table1[(जिस फायर स्टेशन क्षेत्रार्न्तागत अग्निकाण्ड हुआ हो)],Sheet2!E52,Table1[अग्निकाण्ड का दिनांक],">="&DATE(2024,6,1), Table1[अग्निकाण्ड का दिनांक],"<="&EOMONTH(DATE(2024,6,1),0)) -> 0 | Q52: 6 | R52: =COUNTIFS(Table1[(जिस फायर स्टेशन क्षेत्रार्न्तागत अग्निकाण्ड हुआ हो)],Sheet2!E52,Table1[अग्निकाण्ड का दिनांक],">="&DATE(2024,7,1), Table1[अग्निकाण्ड का दिनांक],"<="&EOMONTH(DATE(2024,7,1),0)) -> 0 | S52: 0 | T52: =COUNTIFS(Table1[(जिस फायर स्टेशन क्षेत्रार्न्तागत अग्निकाण्ड हुआ हो)],Sheet2!E52,Table1[अग्निकाण्ड का दिनांक],">="&DATE(2024,8,1), Table1[अग्निकाण्ड का दिनांक],"<="&EOMONTH(DATE(2024,8,1),0)) -> 0 | U52: 1 | V52: =COUNTIFS(Table1[(जिस फायर स्टेशन क्षेत्रार्न्तागत अग्निकाण्ड हुआ हो)],Sheet2!E52,Table1[अग्निकाण्ड का दिनांक],">="&DATE(2024,9,1), Table1[अग्निकाण्ड का दिनांक],"<="&EOMONTH(DATE(2024,9,1),0)) -> 0 | W52: 0 | X52: =COUNTIFS(Table1[(जिस फायर स्टेशन क्षेत्रार्न्तागत अग्निकाण्ड हुआ हो)],Sheet2!E52,Table1[अग्निकाण्ड का दिनांक],">="&DATE(2024,10,1), Table1[अग्निकाण्ड का दिनांक],"<="&EOMONTH(DATE(2024,10,1),0)) -> 0 | Y52: 3 | Z52: =COUNTIFS(Table1[(जिस फायर स्टेशन क्षेत्रार्न्तागत अग्निकाण्ड हुआ हो)],Sheet2!E52,Table1[अग्निकाण्ड का दिनांक],">="&DATE(2024,11,1), Table1[अग्निकाण्ड का दिनांक],"<="&EOMONTH(DATE(2024,11,1),0)) -> 0 | AA52: 2 | AB52: =COUNTIFS(Table1[(जिस फायर स्टेशन क्षेत्रार्न्तागत अग्निकाण्ड हुआ हो)],Sheet2!E52,Table1[अग्निकाण्ड का दिनांक],">="&DATE(2024,12,1), Table1[अग्निकाण्ड का दिनांक],"<="&EOMONTH(DATE(2024,12,1),0)) -> 0 | AC52: 1 | AD52: =F52+H52+J52+L52+N52+P52+R52+T52+V52+X52+Z52+AB52 -> 0 | AE52: =G52+I52+K52+M52+O52+Q52+S52+U52+W52+Y52+AA52+AC52 -> 44
C53: 49 | E53: चम्पावत | F53: =COUNTIFS(Table1[(जिस फायर स्टेशन क्षेत्रार्न्तागत अग्निकाण्ड हुआ हो)],Sheet2!E53,Table1[अग्निकाण्ड का दिनांक],">="&DATE(2024,1,1), Table1[अग्निकाण्ड का दिनांक],"<="&EOMONTH(DATE(2024,1,1),0)) -> 0 | G53: 0 | H53: =COUNTIFS(Table1[(जिस फायर स्टेशन क्षेत्रार्न्तागत अग्निकाण्ड हुआ हो)],Sheet2!E53,Table1[अग्निकाण्ड का दिनांक],">="&DATE(2024,2,1), Table1[अग्निकाण्ड का दिनांक],"<="&EOMONTH(DATE(2024,2,1),0)) -> 0 | I53: 0 | J53: =COUNTIFS(Table1[(जिस फायर स्टेशन क्षेत्रार्न्तागत अग्निकाण्ड हुआ हो)],Sheet2!E53,Table1[अग्निकाण्ड का दिनांक],">="&DATE(2024,3,1), Table1[अग्निकाण्ड का दिनांक],"<="&EOMONTH(DATE(2024,3,1),0)) -> 0 | K53: 3 | L53: =COUNTIFS(Table1[(जिस फायर स्टेशन क्षेत्रार्न्तागत अग्निकाण्ड हुआ हो)],Sheet2!E53,Table1[अग्निकाण्ड का दिनांक],">="&DATE(2024,4,1), Table1[अग्निकाण्ड का दिनांक],"<="&EOMONTH(DATE(2024,4,1),0)) -> 0 | M53: 11 | N53: =COUNTIFS(Table1[(जिस फायर स्टेशन क्षेत्रार्न्तागत अग्निकाण्ड हुआ हो)],Sheet2!E53,Table1[अग्निकाण्ड का दिनांक],">="&DATE(2024,5,1), Table1[अग्निकाण्ड का दिनांक],"<="&EOMONTH(DATE(2024,5,1),0)) -> 0 | O53: 9 | P53: =COUNTIFS(Table1[(जिस फायर स्टेशन क्षेत्रार्न्तागत अग्निकाण्ड हुआ हो)],Sheet2!E53,Table1[अग्निकाण्ड का दिनांक],">="&DATE(2024,6,1), Table1[अग्निकाण्ड का दिनांक],"<="&EOMONTH(DATE(2024,6,1),0)) -> 0 | Q53: 3 | R53: =COUNTIFS(Table1[(जिस फायर स्टेशन क्षेत्रार्न्तागत अग्निकाण्ड हुआ हो)],Sheet2!E53,Table1[अग्निकाण्ड का दिनांक],">="&DATE(2024,7,1), Table1[अग्निकाण्ड का दिनांक],"<="&EOMONTH(DATE(2024,7,1),0)) -> 0 | S53: 0 | T53: =COUNTIFS(Table1[(जिस फायर स्टेशन क्षेत्रार्न्तागत अग्निकाण्ड हुआ हो)],Sheet2!E53,Table1[अग्निकाण्ड का दिनांक],">="&DATE(2024,8,1), Table1[अग्निकाण्ड का दिनांक],"<="&EOMONTH(DATE(2024,8,1),0)) -> 0 | U53: 0 | V53: =COUNTIFS(Table1[(जिस फायर स्टेशन क्षेत्रार्न्तागत अग्निकाण्ड हुआ हो)],Sheet2!E53,Table1[अग्निकाण्ड का दिनांक],">="&DATE(2024,9,1), Table1[अग्निकाण्ड का दिनांक],"<="&EOMONTH(DATE(2024,9,1),0)) -> 0 | W53: 0 | X53: =COUNTIFS(Table1[(जिस फायर स्टेशन क्षेत्रार्न्तागत अग्निकाण्ड हुआ हो)],Sheet2!E53,Table1[अग्निकाण्ड का दिनांक],">="&DATE(2024,10,1), Table1[अग्निकाण्ड का दिनांक],"<="&EOMONTH(DATE(2024,10,1),0)) -> 0 | Y53: 1 | Z53: =COUNTIFS(Table1[(जिस फायर स्टेशन क्षेत्रार्न्तागत अग्निकाण्ड हुआ हो)],Sheet2!E53,Table1[अग्निकाण्ड का दिनांक],">="&DATE(2024,11,1), Table1[अग्निकाण्ड का दिनांक],"<="&EOMONTH(DATE(2024,11,1),0)) -> 0 | AA53: 2 | AB53: =COUNTIFS(Table1[(जिस फायर स्टेशन क्षेत्रार्न्तागत अग्निकाण्ड हुआ हो)],Sheet2!E53,Table1[अग्निकाण्ड का दिनांक],">="&DATE(2024,12,1), Table1[अग्निकाण्ड का दिनांक],"<="&EOMONTH(DATE(2024,12,1),0)) -> 0 | AC53: 0 | AD53: =F53+H53+J53+L53+N53+P53+R53+T53+V53+X53+Z53+AB53 -> 0 | AE53: =G53+I53+K53+M53+O53+Q53+S53+U53+W53+Y53+AA53+AC53 -> 29
F54: =SUM(F5:F53) -> 0 | G54: =SUM(G5:G53) -> 192 | H54: =SUM(H5:H53) -> 0 | I54: =SUM(I5:I53) -> 181 | J54: =SUM(J5:J53) -> 0 | K54: =SUM(K5:K53) -> 219 | L54: =SUM(L5:L53) -> 0 | M54: =SUM(M5:M53) -> 997 | ... AE54: =SUM(AE5:AE53) -> 4124

Sheet ALM
B2: क्र.2 | C2: जनपद | D2: (जिस फायर स्टेशन क्षेत्रार्न्तागत अग्निकाण्ड हुआ हो) | E2: अग्निकाण्ड का दिनांक | F2: समय | G2: घटनास्थल का संक्षेप्त विवरण | H2: अग्निकाण्ड का कारण | I2: कारण | J2: अग्निकाण्ड का कारण (आग किस वस्तु में लगी है) | K2: अनुमानित क्षति सम्पति (फायर रिपोर्ट के आधार पर) | L2: अनुमानित बचायी गई सम्पति | M2: जीव मरे (मनुष्य) | N2: जीव मरे (पशु) | O2: जीव घायल (मनुष्य) | P2: जीव घायल (पशु) | Q2: जीव बचे (मनुष्य) | R2: जीव बचे (पशु)
B3: 1 | C3: अल्मोड़ा | D3: अल्मोड़ा | E3: 45454 | F3: 0.80902778 | G3: आग लिंक रोड टैक्सी स्टैंड अल्मोड़ा में में लगी थी जिसको एफएस यूनिट द्वारा पूर्ण रूप बुझा दिया गया । | H3: सम्भवतः शॉर्ट सर्किट | J3: कूड़े से रेस्टोरेंट में | K3: 100000 | L3: 500000 | M3: - | N3: - | O3: - | P3: - | Q3: - | R3: -
B4: 2 | C4: अल्मोड़ा | D4: अल्मोड़ा | E4: 45454 | F4: 0.89513889 | G4: आग स्युरा पैस्यारी कोसी में एक माकन में लगी थी जिसको एफएस यूनिट द्वारा पूर्ण रूप बुझा दिया गया । | H4: अज्ञात | J4: घर में | K4: 600000 | L4: 1000000 | M4: - | N4: - | O4: - | P4: - | Q4: - | R4: -
B5: 3 | C5: अल्मोड़ा | D5: अल्मोड़ा | E5: 45444 | F5: 0.5125 | G5: आग लक्ष्मेश्वर के पास जंगल मे लगी थी जिसको एफएस यूनिट द्वारा पूर्ण रूप बुझा दिया गया । | J5: जंगल में | M5: - | N5: - | O5: - | P5: - | Q5: - | R5: -
B6: 4 | C6: अल्मोड़ा | D6: अल्मोड़ा | E6: 45444 | F6: 0.59861111 | G6: आग केंद्रीय विद्यालय स्यलीधर के पास जंगल मे लगी थी जिसको एफएस यूनिट द्वारा पूर्ण रूप बुझा दिया गया । | J6: जंगल में | M6: - | N6: - | O6: - | P6: - | Q6: - | R6: -
B7: 5 | C7: अल्मोड़ा | D7: अल्मोड़ा | E7: 45444 | F7: 0.70138889 | G7: आग आयकर भवन के पास जंगल मे लगी थी जिसको एफएस यूनिट द्वारा पूर्ण रूप बुझा दिया गया । | J7: जंगल में | M7: - | N7: - | O7: - | P7: - | Q7: - | R7: -
B8: 6 | C8: अल्मोड़ा | D8: अल्मोड़ा | E8: 45445 | F8: 0.5875 | G8: आग ज्युला पथरिया सोमेश्वर रोड के पास जंगल मे लगी थी जिसको एफएस यूनिट द्वारा पूर्ण रूप बुझा दिया गया । | J8: जंगल में | M8: - | N8: - | O8: - | P8: - | Q8: - | R8: -
B9: 7 | C9: अल्मोड़ा | D9: अल्मोड़ा | E9: 45445 | F9: 0.72430556 | G9: आग कथ्पुदिया के पास जंगल मे लगी थी जिसको एफएस यूनिट द्वारा पूर्ण रूप बुझा दिया गया । | J9: जंगल में | M9: - | N9: - | O9: - | P9: - | Q9: - | R9: -
B10: 8 | C10: अल्मोड़ा | D10: अल्मोड़ा | E10: 45446 | F10: 0.78055556 | G10: आग महत गाव के पास जंगल मे लगी थी जिसको एफएस यूनिट द्वारा पूर्ण रूप बुझा दिया गया । | J10: जंगल में | K10: 5000 | L10: 45000 | M10: - | N10: - | O10: - | P10: - | Q10: - | R10: -
B11: 9 | C11: अल्मोड़ा | D11: अल्मोड़ा | E11: 45447 | F11: 0.85138889 | G11: आग पांडेखोला पेट्रोल पंप के पास जंगल मे लगी थी जहा fs यूनिट का वहां पहुँचना संभव नहीं था वन विभाग को सूचित किया गया । | J11: जंगल में | M11: - | N11: - | O11: - | P11: - | Q11: - | R11: -
B12: 10 | C12: अल्मोड़ा | D12: अल्मोड़ा | E12: 45451 | F12: 0.68680556 | G12: आग पेत्शल इंटर कॉलेज के पास जंगल मे लगी थी जिसको एफएस यूनिट द्वारा पूर्ण रूप बुझा दिया गया । | J12: जंगल में | K12: 3000 | L12: 22000 | M12: - | N12: - | O12: - | P12: - | Q12: - | R12: -
B13: 11 | C13: अल्मोड़ा | D13: अल्मोड़ा | E13: 45452 | F13: 0.61388889 | G13: आग ए.एन.एम्. ट्रेनिंग सेण्टर के पास जंगल मे लगी थी जिसको एफएस यूनिट द्वारा पूर्ण रूप बुझा दिया गया । | J13: जंगल में | K13: 5000 | L13: 55000 | M13: - | N13: - | O13: - | P13: - | Q13: - | R13: -
B14: 12 | C14: अल्मोड़ा | D14: अल्मोड़ा | E14: 45452 | F14: 0.80069444 | G14: आग कालीमठ के पास जंगल मे लगी थी जिसको एफएस यूनिट द्वारा पूर्ण रूप बुझा दिया गया । | J14: जंगल में | K14: 3000 | L14: 17000 | M14: - | N14: - | O14: - | P14: - | Q14: - | R14: -
B15: 13 | C15: अल्मोड़ा | D15: अल्मोड़ा | E15: 45453 | F15: 0.62847222 | G15: आग कालीमठ से कसार देवी मंदिर तक के पास जंगल मे लगी थी जिसको एफएस यूनिट द्वारा पूर्ण रूप बुझा दिया गया । | J15: जंगल में | K15: 5000 | L15: 55000 | M15: - | N15: - | O15: - | P15: - | Q15: - | R15: -
B16: 14 | C16: अल्मोड़ा | D16: अल्मोड़ा | E16: 45453 | F16: 0.95 | G16: आग कसार देवी के पास जंगल मे लगी थी जिसको एफएस यूनिट द्वारा पूर्ण रूप बुझा दिया गया । | J16: जंगल में | K16: 4000 | L16: 36000 | M16: - | N16: - | O16: - | P16: - | Q16: - | R16: -
B17: 15 | C17: अल्मोड़ा | D17: अल्मोड़ा | E17: 45454 | F17: 0.59027778 | G17: आग कसार देवी के पास जंगल मे लगी थी जिसको एफएस यूनिट द्वारा पूर्ण रूप बुझा दिया गया । | J17: जंगल में | K17: 2000 | L17: 18000 | M17: - | N17: - | O17: - | P17: - | Q17: - | R17: -
B18: 16 | C18: अल्मोड़ा | D18: अल्मोड़ा | E18: 45454 | F18: 0.69861111 | G18: आग मोहनस कैफ़े कसार देवी के पास जंगल मे लगी थी जिसको एफएस यूनिट द्वारा पूर्ण रूप बुझा दिया गया । | J18: जंगल में | K18: 3000 | L18: 37000 | M18: - | N18: - | O18: - | P18: - | Q18: - | R18: -
B19: 17 | C19: अल्मोड़ा | D19: अल्मोड़ा | E19: 45455 | F19: 0.62847222 | G19: आग वन विभाग के गेस्ट हाउस कटारमल के पास जंगल मे लगी थी जिसको एफएस यूनिट द्वारा पूर्ण रूप बुझा दिया गया । | J19: जंगल में | K19: 2000 | L19: 48000 | M19: - | N19: - | O19: - | P19: - | Q19: - | R19: -
B20: 18 | C20: अल्मोड़ा | D20: अल्मोड़ा | E20: 45455 | F20: 0.81666667 | G20: आग पाताल्देवी के पास जंगल मे लगी थी जिसको एफएस यूनिट द्वारा पूर्ण रूप बुझा दिया गया । | J20: जंगल में | K20: 2000 | L20: 28000 | M20: - | N20: - | O20: - | P20: - | Q20: - | R20: -
B21: 19 | C21: अल्मोड़ा | D21: अल्मोड़ा | E21: 45455 | F21: 0.90347222 | G21: आग कटारमल पी.डब्लू. डी. निरिक्षण भवन के पास जंगल मे लगी थी जिसको एफएस यूनिट द्वारा पूर्ण रूप बुझा दिया गया । | J21: जंगल में | K21: 36000 | L21: 4000 | M21: - | N21: - | O21: - | P21: - | Q21: - | R21: -
B22: 20 | C22: अल्मोड़ा | D22: अल्मोड़ा | E22: 45456 | F22: 0.40972222 | G22: आग कलिधार के पास जंगल मे लगी थी जिसको एफएस यूनिट द्वारा पूर्ण रूप बुझा दिया गया । | J22: जंगल में | K22: 4000 | L22: 36000 | M22: - | N22: - | O22: - | P22: - | Q22: - | R22: -
B23: 21 | C23: अल्मोड़ा | D23: अल्मोड़ा | E23: 45456 | F23: 0.5625 | G23: आग पताल देवी के पास जंगल मे लगी थी जिसको एफएस यूनिट द्वारा पूर्ण रूप बुझा दिया गया । | J23: जंगल में | M23: - | N23: - | O23: - | P23: - | Q23: - | R23: -
B24: 22 | C24: अल्मोड़ा | D24: अल्मोड़ा | E24: 45456 | F24: 0.56875 | G24: आग कसार देवी के पास जंगल मे लगी थी जिसको एफएस यूनिट द्वारा पूर्ण रूप बुझा दिया गया । | J24: जंगल में | K24: 3000 | L24: 27000 | M24: - | N24: - | O24: - | P24: - | Q24: - | R24: -
B25: 23 | C25: अल्मोड़ा | D25: अल्मोड़ा | E25: 45456 | F25: 0.66041667 | G25: आग बिनसर वाइल्ड लाइफ सेंचुरी के पास जंगल मे लगी थी जिसको एफएस यूनिट द्वारा पूर्ण रूप बुझा दिया गया । | H25: आकलन किया जा रहा है | J25: जंगल में | M25: - | N25: - | O25: - | P25: - | Q25: - | R25: -
C26: अल्मोड़ा | D26: अल्मोड़ा | E26: 45456 | F26: 0.87847222 | G26: आग कालीमठ के पास जंगल मे लगी थी जहा fs यूनिट का वहां पहुँचना संभव नहीं था । | J26: जंगल में | M26: - | N26: - | O26: - | P26: - | Q26: - | R26: -
B27: 24 | C27: अल्मोड़ा | D27: अल्मोड़ा | E27: 45457 | F27: 0.60833333 | G27: आग एस०एस०बी० कैंपस ऑफिस के पास जंगल मे लगी थी जिसको एफएस यूनिट द्वारा पूर्ण रूप बुझा दिया गया । | J27: जंगल में | K27: 2000 | L27: 18000 | M27: - | N27: - | O27: - | P27: - | Q27: - | R27: -
B28: 25 | C28: अल्मोड़ा | D28: अल्मोड़ा | E28: 45457 | F28: 0.68819444 | G28: आग पाताल देवी मंदिर के पास जंगल मे लगी थी जिसको एफएस यूनिट द्वारा पूर्ण रूप बुझा दिया गया । | J28: जंगल में | K28: 2000 | L28: 28000 | M28: - | N28: - | O28: - | P28: - | Q28: - | R28: -
B29: 26 | C29: अल्मोड़ा | D29: अल्मोड़ा | E29: 45457 | F29: 0.69444444 | G29: आग कटारमल के पास जंगल मे लगी थी जिसको एफएस यूनिट द्वारा पूर्ण रूप बुझा दिया गया । | J29: जंगल में | K29: 2000 | L29: 18000 | M29: - | N29: - | O29: - | P29: - | Q29: - | R29: -
B30: 27 | C30: अल्मोड़ा | D30: अल्मोड़ा | E30: 45457 | F30: 0.76875 | G30: आग फलसीमा आई०टी०आई० के पास जंगल मे लगी थी जिसको एफएस यूनिट द्वारा पूर्ण रूप बुझा दिया गया । | J30: जंगल में | K30: 5000 | L30: 45000 | M30: - | N30: - | O30: - | P30: - | Q30: - | R30: -
B31: 28 | C31: अल्मोड़ा | D31: अल्मोड़ा | E31: 45457 | F31: 0.85833333 | G31: आग आई०टी०आई० के पास जंगल मे लगी थी जिसको एफएस यूनिट द्वारा पूर्ण रूप बुझा दिया गया । | J31: जंगल में | K31: 28000 | L31: 2000 | M31: - | N31: - | O31: - | P31: - | Q31: - | R31: -
B32: 29 | C32: अल्मोड़ा | D32: अल्मोड़ा | E32: 45458 | F32: 0.29444444 | G32: आग आई०टी०आई० के पास जंगल मे लगी थी जिसको एफएस यूनिट द्वारा पूर्ण रूप बुझा दिया गया । | J32: जंगल में | K32: 2000 | L32: 18000 | M32: - | N32: - | O32: - | P32: - | Q32: - | R32: -
B33: 30 | C33: अल्मोड़ा | D33: अल्मोड़ा | E33: 45458 | F33: 0.72569444 | G33: आग बिनसर वाइल्ड लाइफ सेंचुरी के पास जंगल मे लगी थी जिसको एफएस यूनिट द्वारा पूर्ण रूप बुझा दिया गया । | J33: जंगल में | K33: 2000 | L33: 58000 | M33: - | N33: - | O33: - | P33: - | Q33: - | R33: -
B34: 31 | C34: अल्मोड़ा | D34: अल्मोड़ा | E34: 45458 | F34: 0.73958333 | G34: आग दोनी डाला करबला के पास जंगल मे लगी थी जिसको एफएस यूनिट द्वारा पूर्ण रूप बुझा दिया गया । | J34: जंगल में | K34: 2000 | L34: 38000 | M34: - | N34: - | O34: - | P34: - | Q34: - | R34: -
B35: 32 | C35: अल्मोड़ा | D35: अल्मोड़ा | E35: 45459 | F35: 0.26180556 | G35: आग लोदिया के पास जंगल मे लगी थी जिसको एफएस यूनिट द्वारा पूर्ण रूप बुझा दिया गया । | J35: जंगल में | K35: 2000 | L35: 18000 | M35: - | N35: - | O35: - | P35: - | Q35: - | R35: -
B36: 33 | C36: अल्मोड़ा | D36: अल्मोड़ा | E36: 45459 | F36: 0.66180556 | G36: आग पांडे गाव ताकुला के पास जंगल मे लगी थी जिसको एफएस यूनिट द्वारा पूर्ण रूप बुझा दिया गया । | J36: जंगल में | M36: - | N36: - | O36: - | P36: - | Q36: - | R36: -
B37: 34 | C37: अल्मोड़ा | D37: अल्मोड़ा | E37: 45459 | F37: 0.70833333 | G37: आग कैंट क्षेत्र के पास जंगल मे लगी थी जिसको एफएस यूनिट द्वारा पूर्ण रूप बुझा दिया गया । | J37: जंगल में | M37: - | N37: - | O37: - | P37: - | Q37: - | R37: -
B38: 35 | C38: अल्मोड़ा | D38: अल्मोड़ा | E38: 45459 | F38: 0.80347222 | G38: आग स्यालीधर के पास जंगल मे लगी थी जहा fs यूनिट का वहां पहुँचना संभव नहीं था । | J38: जंगल में | M38: - | N38: - | O38: - | P38: - | Q38: - | R38: -
B39: 36 | C39: अल्मोड़ा | D39: अल्मोड़ा | E39: 45459 | F39: 0.86666667 | G39: आग ताकुला के पास जंगल मे लगी थी जिसको एफएस यूनिट द्वारा पूर्ण रूप बुझा दिया गया । | J39: जंगल में | K39: 2000 | L39: 28000 | M39: - | N39: - | O39: - | P39: - | Q39: - | R39: -
B40: 37 | C40: अल्मोड़ा | D40: अल्मोड़ा | E40: 45460 | F40: 0.25694444 | G40: आग कैंट क्षेत्र के पास जंगल मे लगी थी जिसको एफएस यूनिट द्वारा पूर्ण रूप बुझा दिया गया । | J40: जंगल में | M40: - | N40: - | O40: - | P40: - | Q40: - | R40: -
B41: 38 | C41: अल्मोड़ा | D41: अल्मोड़ा | E41: 45460 | F41: 0.54930556 | G41: आग सुनोला के पास जंगल मे लगी थी जिसको एफएस यूनिट द्वारा पूर्ण रूप बुझा दिया गया । | J41: जंगल में | K41: 2000 | L41: 18000 | M41: - | N41: - | O41: - | P41: - | Q41: - | R41: -
B42: 39 | C42: अल्मोड़ा | D42: अल्मोड़ा | E42: 45460 | F42: 0.57430556 | G42: आग विशाल मेगा मार्ट के पास जंगल मे लगी थी जिसको एफएस यूनिट द्वारा पूर्ण रूप बुझा दिया गया । | J42: जंगल में | K42: 2000 | L42: 38000 | M42: - | N42: - | O42: - | P42: - | Q42: - | R42: -
B43: 40 | C43: अल्मोड़ा | D43: अल्मोड़ा | E43: 45460 | F43: 0.68402778 | G43: आग स्यलीधर के पास जंगल मे लगी थी जिसको एफएस यूनिट द्वारा पूर्ण रूप बुझा दिया गया । | J43: जंगल में | K43: 3000 | L43: 17000 | M43: - | N43: - | O43: - | P43: - | Q43: - | R43: -
B44: 41 | C44: अल्मोड़ा | D44: अल्मोड़ा | E44: 45460 | F44: 0.74305556 | G44: आग चितई के पास जंगल मे लगी थी जो यूनिट की पहुच से दूर थी फायर वाचरसे पता किया तो आग पर काबू प् लिया गया था पूर्ण रूप बुझा दिया गया । | J44: जंगल में | M44: - | N44: - | O44: - | P44: - | Q44: - | R44: -
B45: 42 | C45: अल्मोड़ा | D45: अल्मोड़ा | E45: 45461 | F45: 0.47569444 | G45: आग मकड़ी आवास विकास के पास जंगल मे लगी थी जिसको एफएस यूनिट द्वारा पूर्ण रूप बुझा दिया गया । | J45: जंगल में | K45: 2000 | L45: 18000 | M45: - | N45: - | O45: - | P45: - | Q45: - | R45: -
B46: 43 | C46: अल्मोड़ा | D46: अल्मोड़ा | E46: 45461 | F46: 0.53541667 | G46: मनान सोमेश्वर रोड जंगल में आग की सूचना प्राप्त हुई एफ0एस0 यूनिट ने होजरील की सहायता से आग को पूर्ण रूप से बुझाया। | J46: जंगल में | K46: 2000 | L46: 28000 | M46: - | N46: - | O46: - | P46: - | Q46: - | R46: -
B47: 44 | C47: अल्मोड़ा | D47: अल्मोड़ा | E47: 45461 | F47: 0.8125 | G47: आग दिनापनी के पास जंगल मे लगी थी जिसको एफएस यूनिट द्वारा पूर्ण रूप बुझा दिया गया । | J47: जंगल में | M47: - | N47: - | O47: - | P47: - | Q47: - | R47: -
B48: 45 | C48: अल्मोड़ा | D48: अल्मोड़ा | E48: 45462 | F48: 0.44097222 | G48: आग कसार देवी के पास जंगल मे लगी थी जिसको एफएस यूनिट द्वारा पूर्ण रूप बुझा दिया गया । | J48: जंगल में | K48: 3000 | L48: 22000 | M48: - | N48: - | O48: - | P48: - | Q48: - | R48: -
B49: 46 | C49: अल्मोड़ा | D49: अल्मोड़ा | E49: 45462 | F49: 0.50277778 | G49: आग जीवी पन्त संसथान कोसी के पास जंगल मे लगी थी जिसको एफएस यूनिट द्वारा पूर्ण रूप बुझा दिया गया । | J49: जंगल में | K49: 4000 | L49: 56000 | M49: - | N49: - | O49: - | P49: - | Q49: - | R49: -
B50: 47 | C50: अल्मोड़ा | D50: अल्मोड़ा | E50: 45462 | F50: 0.67152778 | G50: आग सैल बैंड के पास जंगल मे लगी थी जिसको एफएस यूनिट द्वारा पूर्ण रूप बुझा दिया गया । | J50: जंगल में | K50: 2000 | L50: 18000 | M50: - | N50: - | O50: - | P50: - | Q50: - | R50: -
B51: 48 | C51: अल्मोड़ा | D51: अल्मोड़ा | E51: 45462 | F51: 0.72222222 | G51: आग बेठुली अयारपानी के पास जंगल मे लगी थी जो भुत तेज बारिश होने के कारण स्वयं बुझ गयी थी । | J51: जंगल में | M51: - | N51: - | O51: - | P51: - | Q51: - | R51: -
B52: 49 | C52: अल्मोड़ा | D52: अल्मोड़ा | E52: 45463 | F52: 0.38888889 | G52: आग कालीधर के पास जंगल मे लगी थी fs यूनिट द्वारा ढुंढने पर आग खी नहीं मिली । | J52: जंगल में | M52: - | N52: - | O52: - | P52: - | Q52: - | R52: -
B53: 50 | C53: अल्मोड़ा | D53: अल्मोड़ा | E53: 45464 | F53: 0.54513889 | G53: आग अयारपनी बिनसर के पास जंगल मे लगी थी जिसको एफएस यूनिट व वन विभाग द्वारा पूर्ण रूप बुझा दिया गया । | J53: जंगल में | M53: - | N53: - | O53: - | P53: - | Q53: - | R53: -
B54: 51 | C54: अल्मोड़ा | D54: अल्मोड़ा | E54: 45464 | F54: 0.57291667 | G54: आग नारी निकेतन बख के पास जंगल मे लगी थी जिसको एफएस यूनिट द्वारा पूर्ण रूप बुझा दिया गया । | J54: जंगल में | K54: 2000 | L54: 38000 | M54: - | N54: - | O54: - | P54: - | Q54: - | R54: -
B55: 52 | C55: अल्मोड़ा | D55: रानीखेत | E55: 45444 | F55: 0.57013889 | G55: मजखाली के जंगल में लगी आग घरो तक पहुच गयी थी जिसको एफएस यूनिट द्वारा पूर्ण रूप बुझा दिया गया । | H55: जंगल की आग का घरो तक पहुँचना | J55: घरो में | K55: 300000 | L55: 1700000 | M55: - | N55: - | O55: - | P55: - | Q55: - | R55: -
B56: 53 | C56: अल्मोड़ा | D56: रानीखेत | E56: 45456 | F56: 0.64722222 | G56: लालकुर्ती के जंगल में लगी आग घरो तक पहुच गयी थी जिसको एफएस यूनिट द्वारा पूर्ण रूप बुझा दिया गया । | H56: जंगल की आग का घरो तक पहुँचना | J56: घरो में | K56: 100000 | L56: 400000 | M56: - | N56: - | O56: - | P56: - | Q56: - | R56: -
B57: 54 | C57: अल्मोड़ा | D57: रानीखेत | E57: 45459 | F57: 0.026388889 | G57: आग एला ग्रामसभा भातोरा द्वाराहाट रोड के पास खड़े दो वाहनों मे लगी थी जिसको एफएस यूनिट द्वारा पूर्ण रूप बुझा दिया गया । | H57: अज्ञात | J57: वाहन में | K57: 300000 | L57: 1000000 | M57: - | N57: - | O57: - | P57: - | Q57: - | R57: -
B58: 55 | C58: अल्मोड़ा | D58: रानीखेत | E58: 45444 | F58: 0.94791667 | G58: आग बेस्ट व्यू होटल के पास जंगल मे लगी थी जिसको एफएस यूनिट द्वारा पूर्ण रूप बुझा दिया गया । | J58: जंगल में | K58: 10000 | L58: 90000 | M58: - | N58: - | O58: - | P58: - | Q58: - | R58: -
B59: 56 | C59: अल्मोड़ा | D59: रानीखेत | E59: 45444 | F59: 0.08125 | G59: आग बेस्ट व्यू होटल के पास जंगल मे लगी थी जिसको एफएस यूनिट द्वारा पूर्ण रूप बुझा दिया गया । | J59: जंगल में | M59: - | N59: - | O59: - | P59: - | Q59: - | R59: -
B60: 57 | C60: अल्मोड़ा | D60: रानीखेत | E60: 45444 | F60: 0.41041667 | G60: आग दिगोटी मजखाली के पास जंगल मे लगी थी जिसको एफएस यूनिट द्वारा पूर्ण रूप बुझा दिया गया । | J60: जंगल में | M60: - | N60: - | O60: - | P60: - | Q60: - | R60: -
B61: 58 | C61: अल्मोड़ा | D61: रानीखेत | E61: 45444 | F61: 0.47291667 | G61: आग एम०एच० होस्पितल के पास जंगल मे लगी थी जिसको एफएस यूनिट द्वारा पूर्ण रूप बुझा दिया गया । | J61: जंगल में | K61: 10000 | L61: 90000 | M61: - | N61: - | O61: - | P61: - | Q61: - | R61: -
B62: 59 | C62: अल्मोड़ा | D62: रानीखेत | E62: 45444 | F62: 0.50833333 | G62: आग रिकॉर्ड ऑफिस के पास जंगल मे लगी थी जिसको एफएस यूनिट द्वारा पूर्ण रूप बुझा दिया गया । | J62: जंगल में | M62: - | N62: - | O62: - | P62: - | Q62: - | R62: -
B63: 60 | C63: अल्मोड़ा | D63: रानीखेत | E63: 45445 | F63: 0.60972222 | G63: आग शोकियाथल के पास जंगल मे लगी थी जिसको एफएस यूनिट द्वारा पूर्ण रूप बुझा दिया गया । | J63: जंगल में | M63: - | N63: - | O63: - | P63: - | Q63: - | R63: -
